001,Bulbasaur,['Grass', 'Poison'],['Attack', 'Defense', 'Sp.', 'Atk', 'Sp.', 'Def', 'Speed'];
002,Ivysaur,['Grass', 'Poison'],['318', '45', '49', '49', '65', '65', '45'];
003,Venusaur,['Grass', 'Poison'],['405', '60', '62', '63', '80', '80', '60'];
003,Venusaur,['Grass', 'Poison'],['525', '80', '82', '83', '100', '100', '80'];
004,Charmander,['Fire'],['625', '80', '100', '123', '122', '120', '80'];
005,Charmeleon,['Fire'],['309', '39', '52', '43', '60', '50', '65'];
006,Charizard,['Fire', 'Flying'],['405', '58', '64', '58', '80', '65', '80'];
006,Charizard,['Fire', 'Dragon'],['534', '78', '84', '78', '109', '85', '100'];
006,Charizard,['Fire', 'Flying'],['634', '78', '130', '111', '130', '85', '100'];
007,Squirtle,['Water'],['634', '78', '104', '78', '159', '115', '100'];
008,Wartortle,['Water'],['314', '44', '48', '65', '50', '64', '43'];
009,Blastoise,['Water'],['405', '59', '63', '80', '65', '80', '58'];
009,Blastoise,['Water'],['530', '79', '83', '100', '85', '105', '78'];
010,Caterpie,['Bug'],['630', '79', '103', '120', '135', '115', '78'];
011,Metapod,['Bug'],['195', '45', '30', '35', '20', '20', '45'];
012,Butterfree,['Bug', 'Flying'],['205', '50', '20', '55', '25', '25', '30'];
013,Weedle,['Bug', 'Poison'],['395', '60', '45', '50', '90', '80', '70'];
014,Kakuna,['Bug', 'Poison'],['195', '40', '35', '30', '20', '20', '50'];
015,Beedrill,['Bug', 'Poison'],['205', '45', '25', '50', '25', '25', '35'];
015,Beedrill,['Bug', 'Poison'],['395', '65', '90', '40', '45', '80', '75'];
016,Pidgey,['Normal', 'Flying'],['495', '65', '150', '40', '15', '80', '145'];
017,Pidgeotto,['Normal', 'Flying'],['251', '40', '45', '40', '35', '35', '56'];
018,Pidgeot,['Normal', 'Flying'],['349', '63', '60', '55', '50', '50', '71'];
018,Pidgeot,['Normal', 'Flying'],['479', '83', '80', '75', '70', '70', '101'];
019,Rattata,['Normal'],['579', '83', '80', '80', '135', '80', '121'];
019,Rattata,['Dark', 'Normal'],['253', '30', '56', '35', '25', '35', '72'];
020,Raticate,['Normal'],['253', '30', '56', '35', '25', '35', '72'];
020,Raticate,['Dark', 'Normal'],['413', '55', '81', '60', '50', '70', '97'];
021,Spearow,['Normal', 'Flying'],['413', '75', '71', '70', '40', '80', '77'];
022,Fearow,['Normal', 'Flying'],['262', '40', '60', '30', '31', '31', '70'];
023,Ekans,['Poison'],['442', '65', '90', '65', '61', '61', '100'];
024,Arbok,['Poison'],['288', '35', '60', '44', '40', '54', '55'];
025,Pikachu,['Electric'],['448', '60', '95', '69', '65', '79', '80'];
025,Pikachu,['Electric'],['320', '35', '55', '40', '50', '50', '90'];
026,Raichu,['Electric'],['430', '45', '80', '50', '75', '60', '120'];
026,Raichu,['Electric', 'Psychic'],['485', '60', '90', '55', '90', '80', '110'];
027,Sandshrew,['Ground'],['485', '60', '85', '50', '95', '85', '110'];
027,Sandshrew,['Ice', 'Steel'],['300', '50', '75', '85', '20', '30', '40'];
028,Sandslash,['Ground'],['300', '50', '75', '90', '10', '35', '40'];
028,Sandslash,['Ice', 'Steel'],['450', '75', '100', '110', '45', '55', '65'];
029,Nidoran♀,['Poison'],['450', '75', '100', '120', '25', '65', '65'];
030,Nidorina,['Poison'],['275', '55', '47', '52', '40', '40', '41'];
031,Nidoqueen,['Poison', 'Ground'],['365', '70', '62', '67', '55', '55', '56'];
032,Nidoran♂,['Poison'],['505', '90', '92', '87', '75', '85', '76'];
033,Nidorino,['Poison'],['273', '46', '57', '40', '40', '40', '50'];
034,Nidoking,['Poison', 'Ground'],['365', '61', '72', '57', '55', '55', '65'];
035,Clefairy,['Fairy'],['505', '81', '102', '77', '85', '75', '85'];
036,Clefable,['Fairy'],['323', '70', '45', '48', '60', '65', '35'];
037,Vulpix,['Fire'],['483', '95', '70', '73', '95', '90', '60'];
037,Vulpix,['Ice'],['299', '38', '41', '40', '50', '65', '65'];
038,Ninetales,['Fire'],['299', '38', '41', '40', '50', '65', '65'];
038,Ninetales,['Ice', 'Fairy'],['505', '73', '76', '75', '81', '100', '100'];
039,Jigglypuff,['Normal', 'Fairy'],['505', '73', '67', '75', '81', '100', '109'];
040,Wigglytuff,['Normal', 'Fairy'],['270', '115', '45', '20', '45', '25', '20'];
041,Zubat,['Poison', 'Flying'],['435', '140', '70', '45', '85', '50', '45'];
042,Golbat,['Poison', 'Flying'],['245', '40', '45', '35', '30', '40', '55'];
043,Oddish,['Grass', 'Poison'],['455', '75', '80', '70', '65', '75', '90'];
044,Gloom,['Grass', 'Poison'],['320', '45', '50', '55', '75', '65', '30'];
045,Vileplume,['Grass', 'Poison'],['395', '60', '65', '70', '85', '75', '40'];
046,Paras,['Bug', 'Grass'],['490', '75', '80', '85', '110', '90', '50'];
047,Parasect,['Bug', 'Grass'],['285', '35', '70', '55', '45', '55', '25'];
048,Venonat,['Bug', 'Poison'],['405', '60', '95', '80', '60', '80', '30'];
049,Venomoth,['Bug', 'Poison'],['305', '60', '55', '50', '40', '55', '45'];
050,Diglett,['Ground'],['450', '70', '65', '60', '90', '75', '90'];
050,Diglett,['Ground', 'Steel'],['265', '10', '55', '25', '35', '45', '95'];
051,Dugtrio,['Ground'],['265', '10', '55', '30', '35', '45', '90'];
051,Dugtrio,['Ground', 'Steel'],['425', '35', '100', '50', '50', '70', '120'];
052,Meowth,['Normal'],['425', '35', '100', '60', '50', '70', '110'];
052,Meowth,['Dark'],['290', '40', '45', '35', '40', '40', '90'];
052,Meowth,['Steel'],['290', '40', '35', '35', '50', '40', '90'];
053,Persian,['Normal'],['290', '50', '65', '55', '40', '40', '40'];
053,Persian,['Dark'],['440', '65', '70', '60', '65', '65', '115'];
054,Psyduck,['Water'],['440', '65', '60', '60', '75', '65', '115'];
055,Golduck,['Water'],['320', '50', '52', '48', '65', '50', '55'];
056,Mankey,['Fighting'],['500', '80', '82', '78', '95', '80', '85'];
057,Primeape,['Fighting'],['305', '40', '80', '35', '35', '45', '70'];
058,Growlithe,['Fire'],['455', '65', '105', '60', '60', '70', '95'];
058,Growlithe,['Fire', 'Rock'],['350', '55', '70', '45', '70', '50', '60'];
059,Arcanine,['Fire'],['350', '60', '75', '45', '65', '50', '55'];
059,Arcanine,['Fire', 'Rock'],['555', '90', '110', '80', '100', '80', '95'];
060,Poliwag,['Water'],['555', '95', '115', '80', '95', '80', '90'];
061,Poliwhirl,['Water'],['300', '40', '50', '40', '40', '40', '90'];
062,Poliwrath,['Water', 'Fighting'],['385', '65', '65', '65', '50', '50', '90'];
063,Abra,['Psychic'],['510', '90', '95', '95', '70', '90', '70'];
064,Kadabra,['Psychic'],['310', '25', '20', '15', '105', '55', '90'];
065,Alakazam,['Psychic'],['400', '40', '35', '30', '120', '70', '105'];
065,Alakazam,['Psychic'],['500', '55', '50', '45', '135', '95', '120'];
066,Machop,['Fighting'],['600', '55', '50', '65', '175', '105', '150'];
067,Machoke,['Fighting'],['305', '70', '80', '50', '35', '35', '35'];
068,Machamp,['Fighting'],['405', '80', '100', '70', '50', '60', '45'];
069,Bellsprout,['Grass', 'Poison'],['505', '90', '130', '80', '65', '85', '55'];
070,Weepinbell,['Grass', 'Poison'],['300', '50', '75', '35', '70', '30', '40'];
071,Victreebel,['Grass', 'Poison'],['390', '65', '90', '50', '85', '45', '55'];
072,Tentacool,['Water', 'Poison'],['490', '80', '105', '65', '100', '70', '70'];
073,Tentacruel,['Water', 'Poison'],['335', '40', '40', '35', '50', '100', '70'];
074,Geodude,['Rock', 'Ground'],['515', '80', '70', '65', '80', '120', '100'];
074,Geodude,['Rock', 'Electric'],['300', '40', '80', '100', '30', '30', '20'];
075,Graveler,['Rock', 'Ground'],['300', '40', '80', '100', '30', '30', '20'];
075,Graveler,['Rock', 'Electric'],['390', '55', '95', '115', '45', '45', '35'];
076,Golem,['Rock', 'Ground'],['390', '55', '95', '115', '45', '45', '35'];
076,Golem,['Rock', 'Electric'],['495', '80', '120', '130', '55', '65', '45'];
077,Ponyta,['Fire'],['495', '80', '120', '130', '55', '65', '45'];
077,Ponyta,['Psychic'],['410', '50', '85', '55', '65', '65', '90'];
078,Rapidash,['Fire'],['410', '50', '85', '55', '65', '65', '90'];
078,Rapidash,['Psychic', 'Fairy'],['500', '65', '100', '70', '80', '80', '105'];
079,Slowpoke,['Water', 'Psychic'],['500', '65', '100', '70', '80', '80', '105'];
079,Slowpoke,['Psychic'],['315', '90', '65', '65', '40', '40', '15'];
080,Slowbro,['Water', 'Psychic'],['315', '90', '65', '65', '40', '40', '15'];
080,Slowbro,['Water', 'Psychic'],['490', '95', '75', '110', '100', '80', '30'];
080,Slowbro,['Poison', 'Psychic'],['590', '95', '75', '180', '130', '80', '30'];
081,Magnemite,['Electric', 'Steel'],['490', '95', '100', '95', '100', '70', '30'];
082,Magneton,['Electric', 'Steel'],['325', '25', '35', '70', '95', '55', '45'];
083,Farfetch'd,['Normal', 'Flying'],['465', '50', '60', '95', '120', '70', '70'];
083,Farfetch'd,['Fighting'],['377', '52', '90', '55', '58', '62', '60'];
084,Doduo,['Normal', 'Flying'],['377', '52', '95', '55', '58', '62', '55'];
085,Dodrio,['Normal', 'Flying'],['310', '35', '85', '45', '35', '35', '75'];
086,Seel,['Water'],['470', '60', '110', '70', '60', '60', '110'];
087,Dewgong,['Water', 'Ice'],['325', '65', '45', '55', '45', '70', '45'];
088,Grimer,['Poison'],['475', '90', '70', '80', '70', '95', '70'];
088,Grimer,['Poison', 'Dark'],['325', '80', '80', '50', '40', '50', '25'];
089,Muk,['Poison'],['325', '80', '80', '50', '40', '50', '25'];
089,Muk,['Poison', 'Dark'],['500', '105', '105', '75', '65', '100', '50'];
090,Shellder,['Water'],['500', '105', '105', '75', '65', '100', '50'];
091,Cloyster,['Water', 'Ice'],['305', '30', '65', '100', '45', '25', '40'];
092,Gastly,['Ghost', 'Poison'],['525', '50', '95', '180', '85', '45', '70'];
093,Haunter,['Ghost', 'Poison'],['310', '30', '35', '30', '100', '35', '80'];
094,Gengar,['Ghost', 'Poison'],['405', '45', '50', '45', '115', '55', '95'];
094,Gengar,['Ghost', 'Poison'],['500', '60', '65', '60', '130', '75', '110'];
095,Onix,['Rock', 'Ground'],['600', '60', '65', '80', '170', '95', '130'];
096,Drowzee,['Psychic'],['385', '35', '45', '160', '30', '45', '70'];
097,Hypno,['Psychic'],['328', '60', '48', '45', '43', '90', '42'];
098,Krabby,['Water'],['483', '85', '73', '70', '73', '115', '67'];
099,Kingler,['Water'],['325', '30', '105', '90', '25', '25', '50'];
100,Voltorb,['Electric'],['475', '55', '130', '115', '50', '50', '75'];
100,Voltorb,['Electric', 'Grass'],['330', '40', '30', '50', '55', '55', '100'];
101,Electrode,['Electric'],['330', '40', '30', '50', '55', '55', '100'];
101,Electrode,['Electric', 'Grass'],['490', '60', '50', '70', '80', '80', '150'];
102,Exeggcute,['Grass', 'Psychic'],['490', '60', '50', '70', '80', '80', '150'];
103,Exeggutor,['Grass', 'Psychic'],['325', '60', '40', '80', '60', '45', '40'];
103,Exeggutor,['Grass', 'Dragon'],['530', '95', '95', '85', '125', '75', '55'];
104,Cubone,['Ground'],['530', '95', '105', '85', '125', '75', '45'];
105,Marowak,['Ground'],['320', '50', '50', '95', '40', '50', '35'];
105,Marowak,['Fire', 'Ghost'],['425', '60', '80', '110', '50', '80', '45'];
106,Hitmonlee,['Fighting'],['425', '60', '80', '110', '50', '80', '45'];
107,Hitmonchan,['Fighting'],['455', '50', '120', '53', '35', '110', '87'];
108,Lickitung,['Normal'],['455', '50', '105', '79', '35', '110', '76'];
109,Koffing,['Poison'],['385', '90', '55', '75', '60', '75', '30'];
110,Weezing,['Poison'],['340', '40', '65', '95', '60', '45', '35'];
110,Weezing,['Poison', 'Fairy'],['490', '65', '90', '120', '85', '70', '60'];
111,Rhyhorn,['Ground', 'Rock'],['490', '65', '90', '120', '85', '70', '60'];
112,Rhydon,['Ground', 'Rock'],['345', '80', '85', '95', '30', '30', '25'];
113,Chansey,['Normal'],['485', '105', '130', '120', '45', '45', '40'];
114,Tangela,['Grass'],['450', '250', '5', '5', '35', '105', '50'];
115,Kangaskhan,['Normal'],['435', '65', '55', '115', '100', '40', '60'];
115,Kangaskhan,['Normal'],['490', '105', '95', '80', '40', '80', '90'];
116,Horsea,['Water'],['590', '105', '125', '100', '60', '100', '100'];
117,Seadra,['Water'],['295', '30', '40', '70', '70', '25', '60'];
118,Goldeen,['Water'],['440', '55', '65', '95', '95', '45', '85'];
119,Seaking,['Water'],['320', '45', '67', '60', '35', '50', '63'];
120,Staryu,['Water'],['450', '80', '92', '65', '65', '80', '68'];
121,Starmie,['Water', 'Psychic'],['340', '30', '45', '55', '70', '55', '85'];
122,Mr. Mime,['Psychic', 'Fairy'],['520', '60', '75', '85', '100', '85', '115'];
122,Mr. Mime,['Ice', 'Psychic'],['460', '40', '45', '65', '100', '120', '90'];
123,Scyther,['Bug', 'Flying'],['460', '50', '65', '65', '90', '90', '100'];
124,Jynx,['Ice', 'Psychic'],['500', '70', '110', '80', '55', '80', '105'];
125,Electabuzz,['Electric'],['455', '65', '50', '35', '115', '95', '95'];
126,Magmar,['Fire'],['490', '65', '83', '57', '95', '85', '105'];
127,Pinsir,['Bug'],['495', '65', '95', '57', '100', '85', '93'];
127,Pinsir,['Bug', 'Flying'],['500', '65', '125', '100', '55', '70', '85'];
128,Tauros,['Normal'],['600', '65', '155', '120', '65', '90', '105'];
129,Magikarp,['Water'],['490', '75', '100', '95', '40', '70', '110'];
130,Gyarados,['Water', 'Flying'],['200', '20', '10', '55', '15', '20', '80'];
130,Gyarados,['Water', 'Dark'],['540', '95', '125', '79', '60', '100', '81'];
131,Lapras,['Water', 'Ice'],['640', '95', '155', '109', '70', '130', '81'];
132,Ditto,['Normal'],['535', '130', '85', '80', '85', '95', '60'];
133,Eevee,['Normal'],['288', '48', '48', '48', '48', '48', '48'];
133,Eevee,['Normal'],['325', '55', '55', '50', '45', '65', '55'];
134,Vaporeon,['Water'],['435', '65', '75', '70', '65', '85', '75'];
135,Jolteon,['Electric'],['525', '130', '65', '60', '110', '95', '65'];
136,Flareon,['Fire'],['525', '65', '65', '60', '110', '95', '130'];
137,Porygon,['Normal'],['525', '65', '130', '60', '95', '110', '65'];
138,Omanyte,['Rock', 'Water'],['395', '65', '60', '70', '85', '75', '40'];
139,Omastar,['Rock', 'Water'],['355', '35', '40', '100', '90', '55', '35'];
140,Kabuto,['Rock', 'Water'],['495', '70', '60', '125', '115', '70', '55'];
141,Kabutops,['Rock', 'Water'],['355', '30', '80', '90', '55', '45', '55'];
142,Aerodactyl,['Rock', 'Flying'],['495', '60', '115', '105', '65', '70', '80'];
142,Aerodactyl,['Rock', 'Flying'],['515', '80', '105', '65', '60', '75', '130'];
143,Snorlax,['Normal'],['615', '80', '135', '85', '70', '95', '150'];
144,Articuno,['Ice', 'Flying'],['540', '160', '110', '65', '65', '110', '30'];
144,Articuno,['Psychic', 'Flying'],['580', '90', '85', '100', '95', '125', '85'];
145,Zapdos,['Electric', 'Flying'],['580', '90', '85', '85', '125', '100', '95'];
145,Zapdos,['Fighting', 'Flying'],['580', '90', '90', '85', '125', '90', '100'];
146,Moltres,['Fire', 'Flying'],['580', '90', '125', '90', '85', '90', '100'];
146,Moltres,['Dark', 'Flying'],['580', '90', '100', '90', '125', '85', '90'];
147,Dratini,['Dragon'],['580', '90', '85', '90', '100', '125', '90'];
148,Dragonair,['Dragon'],['300', '41', '64', '45', '50', '50', '50'];
149,Dragonite,['Dragon', 'Flying'],['420', '61', '84', '65', '70', '70', '70'];
150,Mewtwo,['Psychic'],['600', '91', '134', '95', '100', '100', '80'];
150,Mewtwo,['Psychic', 'Fighting'],['680', '106', '110', '90', '154', '90', '130'];
150,Mewtwo,['Psychic'],['780', '106', '190', '100', '154', '100', '130'];
151,Mew,['Psychic'],['780', '106', '150', '70', '194', '120', '140'];
152,Chikorita,['Grass'],['600', '100', '100', '100', '100', '100', '100'];
153,Bayleef,['Grass'],['318', '45', '49', '65', '49', '65', '45'];
154,Meganium,['Grass'],['405', '60', '62', '80', '63', '80', '60'];
155,Cyndaquil,['Fire'],['525', '80', '82', '100', '83', '100', '80'];
156,Quilava,['Fire'],['309', '39', '52', '43', '60', '50', '65'];
157,Typhlosion,['Fire'],['405', '58', '64', '58', '80', '65', '80'];
157,Typhlosion,['Fire', 'Ghost'],['534', '78', '84', '78', '109', '85', '100'];
158,Totodile,['Water'],['534', '73', '84', '78', '119', '85', '95'];
159,Croconaw,['Water'],['314', '50', '65', '64', '44', '48', '43'];
160,Feraligatr,['Water'],['405', '65', '80', '80', '59', '63', '58'];
161,Sentret,['Normal'],['530', '85', '105', '100', '79', '83', '78'];
162,Furret,['Normal'],['215', '35', '46', '34', '35', '45', '20'];
163,Hoothoot,['Normal', 'Flying'],['415', '85', '76', '64', '45', '55', '90'];
164,Noctowl,['Normal', 'Flying'],['262', '60', '30', '30', '36', '56', '50'];
165,Ledyba,['Bug', 'Flying'],['452', '100', '50', '50', '86', '96', '70'];
166,Ledian,['Bug', 'Flying'],['265', '40', '20', '30', '40', '80', '55'];
167,Spinarak,['Bug', 'Poison'],['390', '55', '35', '50', '55', '110', '85'];
168,Ariados,['Bug', 'Poison'],['250', '40', '60', '40', '40', '40', '30'];
169,Crobat,['Poison', 'Flying'],['400', '70', '90', '70', '60', '70', '40'];
170,Chinchou,['Water', 'Electric'],['535', '85', '90', '80', '70', '80', '130'];
171,Lanturn,['Water', 'Electric'],['330', '75', '38', '38', '56', '56', '67'];
172,Pichu,['Electric'],['460', '125', '58', '58', '76', '76', '67'];
173,Cleffa,['Fairy'],['205', '20', '40', '15', '35', '35', '60'];
174,Igglybuff,['Normal', 'Fairy'],['218', '50', '25', '28', '45', '55', '15'];
175,Togepi,['Fairy'],['210', '90', '30', '15', '40', '20', '15'];
176,Togetic,['Fairy', 'Flying'],['245', '35', '20', '65', '40', '65', '20'];
177,Natu,['Psychic', 'Flying'],['405', '55', '40', '85', '80', '105', '40'];
178,Xatu,['Psychic', 'Flying'],['320', '40', '50', '45', '70', '45', '70'];
179,Mareep,['Electric'],['470', '65', '75', '70', '95', '70', '95'];
180,Flaaffy,['Electric'],['280', '55', '40', '40', '65', '45', '35'];
181,Ampharos,['Electric'],['365', '70', '55', '55', '80', '60', '45'];
181,Ampharos,['Electric', 'Dragon'],['510', '90', '75', '85', '115', '90', '55'];
182,Bellossom,['Grass'],['610', '90', '95', '105', '165', '110', '45'];
183,Marill,['Water', 'Fairy'],['490', '75', '80', '95', '90', '100', '50'];
184,Azumarill,['Water', 'Fairy'],['250', '70', '20', '50', '20', '50', '40'];
185,Sudowoodo,['Rock'],['420', '100', '50', '80', '60', '80', '50'];
186,Politoed,['Water'],['410', '70', '100', '115', '30', '65', '30'];
187,Hoppip,['Grass', 'Flying'],['500', '90', '75', '75', '90', '100', '70'];
188,Skiploom,['Grass', 'Flying'],['250', '35', '35', '40', '35', '55', '50'];
189,Jumpluff,['Grass', 'Flying'],['340', '55', '45', '50', '45', '65', '80'];
190,Aipom,['Normal'],['460', '75', '55', '70', '55', '95', '110'];
191,Sunkern,['Grass'],['360', '55', '70', '55', '40', '55', '85'];
192,Sunflora,['Grass'],['180', '30', '30', '30', '30', '30', '30'];
193,Yanma,['Bug', 'Flying'],['425', '75', '75', '55', '105', '85', '30'];
194,Wooper,['Water', 'Ground'],['390', '65', '65', '45', '75', '45', '95'];
195,Quagsire,['Water', 'Ground'],['210', '55', '45', '45', '25', '25', '15'];
196,Espeon,['Psychic'],['430', '95', '85', '85', '65', '65', '35'];
197,Umbreon,['Dark'],['525', '65', '65', '60', '130', '95', '110'];
198,Murkrow,['Dark', 'Flying'],['525', '95', '65', '110', '60', '130', '65'];
199,Slowking,['Water', 'Psychic'],['405', '60', '85', '42', '85', '42', '91'];
199,Slowking,['Poison', 'Psychic'],['490', '95', '75', '80', '100', '110', '30'];
200,Misdreavus,['Ghost'],['490', '95', '65', '80', '110', '110', '30'];
201,Unown,['Psychic'],['435', '60', '60', '60', '85', '85', '85'];
202,Wobbuffet,['Psychic'],['336', '48', '72', '48', '72', '48', '48'];
203,Girafarig,['Normal', 'Psychic'],['405', '190', '33', '58', '33', '58', '33'];
204,Pineco,['Bug'],['455', '70', '80', '65', '90', '65', '85'];
205,Forretress,['Bug', 'Steel'],['290', '50', '65', '90', '35', '35', '15'];
206,Dunsparce,['Normal'],['465', '75', '90', '140', '60', '60', '40'];
207,Gligar,['Ground', 'Flying'],['415', '100', '70', '70', '65', '65', '45'];
208,Steelix,['Steel', 'Ground'],['430', '65', '75', '105', '35', '65', '85'];
208,Steelix,['Steel', 'Ground'],['510', '75', '85', '200', '55', '65', '30'];
209,Snubbull,['Fairy'],['610', '75', '125', '230', '55', '95', '30'];
210,Granbull,['Fairy'],['300', '60', '80', '50', '40', '40', '30'];
211,Qwilfish,['Water', 'Poison'],['450', '90', '120', '75', '60', '60', '45'];
211,Qwilfish,['Dark', 'Poison'],['440', '65', '95', '85', '55', '55', '85'];
212,Scizor,['Bug', 'Steel'],['440', '65', '95', '85', '55', '55', '85'];
212,Scizor,['Bug', 'Steel'],['500', '70', '130', '100', '55', '80', '65'];
213,Shuckle,['Bug', 'Rock'],['600', '70', '150', '140', '65', '100', '75'];
214,Heracross,['Bug', 'Fighting'],['505', '20', '10', '230', '10', '230', '5'];
214,Heracross,['Bug', 'Fighting'],['500', '80', '125', '75', '40', '95', '85'];
215,Sneasel,['Dark', 'Ice'],['600', '80', '185', '115', '40', '105', '75'];
215,Sneasel,['Poison', 'Fighting'],['430', '55', '95', '55', '35', '75', '115'];
216,Teddiursa,['Normal'],['430', '55', '95', '55', '35', '75', '115'];
217,Ursaring,['Normal'],['330', '60', '80', '50', '50', '50', '40'];
218,Slugma,['Fire'],['500', '90', '130', '75', '75', '75', '55'];
219,Magcargo,['Fire', 'Rock'],['250', '40', '40', '40', '70', '40', '20'];
220,Swinub,['Ice', 'Ground'],['430', '60', '50', '120', '90', '80', '30'];
221,Piloswine,['Ice', 'Ground'],['250', '50', '50', '40', '30', '30', '50'];
222,Corsola,['Water', 'Rock'],['450', '100', '100', '80', '60', '60', '50'];
222,Corsola,['Ghost'],['410', '65', '55', '95', '65', '95', '35'];
223,Remoraid,['Water'],['410', '60', '55', '100', '65', '100', '30'];
224,Octillery,['Water'],['300', '35', '65', '35', '65', '35', '65'];
225,Delibird,['Ice', 'Flying'],['480', '75', '105', '75', '105', '75', '45'];
226,Mantine,['Water', 'Flying'],['330', '45', '55', '45', '65', '45', '75'];
227,Skarmory,['Steel', 'Flying'],['485', '85', '40', '70', '80', '140', '70'];
228,Houndour,['Dark', 'Fire'],['465', '65', '80', '140', '40', '70', '70'];
229,Houndoom,['Dark', 'Fire'],['330', '45', '60', '30', '80', '50', '65'];
229,Houndoom,['Dark', 'Fire'],['500', '75', '90', '50', '110', '80', '95'];
230,Kingdra,['Water', 'Dragon'],['600', '75', '90', '90', '140', '90', '115'];
231,Phanpy,['Ground'],['540', '75', '95', '95', '95', '95', '85'];
232,Donphan,['Ground'],['330', '90', '60', '60', '40', '40', '40'];
233,Porygon2,['Normal'],['500', '90', '120', '120', '60', '60', '50'];
234,Stantler,['Normal'],['515', '85', '80', '90', '105', '95', '60'];
235,Smeargle,['Normal'],['465', '73', '95', '62', '85', '65', '85'];
236,Tyrogue,['Fighting'],['250', '55', '20', '35', '20', '45', '75'];
237,Hitmontop,['Fighting'],['210', '35', '35', '35', '35', '35', '35'];
238,Smoochum,['Ice', 'Psychic'],['455', '50', '95', '95', '35', '110', '70'];
239,Elekid,['Electric'],['305', '45', '30', '15', '85', '65', '65'];
240,Magby,['Fire'],['360', '45', '63', '37', '65', '55', '95'];
241,Miltank,['Normal'],['365', '45', '75', '37', '70', '55', '83'];
242,Blissey,['Normal'],['490', '95', '80', '105', '40', '70', '100'];
243,Raikou,['Electric'],['540', '255', '10', '10', '75', '135', '55'];
244,Entei,['Fire'],['580', '90', '85', '75', '115', '100', '115'];
245,Suicune,['Water'],['580', '115', '115', '85', '90', '75', '100'];
246,Larvitar,['Rock', 'Ground'],['580', '100', '75', '115', '90', '115', '85'];
247,Pupitar,['Rock', 'Ground'],['300', '50', '64', '50', '45', '50', '41'];
248,Tyranitar,['Rock', 'Dark'],['410', '70', '84', '70', '65', '70', '51'];
248,Tyranitar,['Rock', 'Dark'],['600', '100', '134', '110', '95', '100', '61'];
249,Lugia,['Psychic', 'Flying'],['700', '100', '164', '150', '95', '120', '71'];
250,Ho-oh,['Fire', 'Flying'],['680', '106', '90', '130', '90', '154', '110'];
251,Celebi,['Psychic', 'Grass'],['680', '106', '130', '90', '110', '154', '90'];
252,Treecko,['Grass'],['600', '100', '100', '100', '100', '100', '100'];
253,Grovyle,['Grass'],['310', '40', '45', '35', '65', '55', '70'];
254,Sceptile,['Grass'],['405', '50', '65', '45', '85', '65', '95'];
254,Sceptile,['Grass', 'Dragon'],['530', '70', '85', '65', '105', '85', '120'];
255,Torchic,['Fire'],['630', '70', '110', '75', '145', '85', '145'];
256,Combusken,['Fire', 'Fighting'],['310', '45', '60', '40', '70', '50', '45'];
257,Blaziken,['Fire', 'Fighting'],['405', '60', '85', '60', '85', '60', '55'];
257,Blaziken,['Fire', 'Fighting'],['530', '80', '120', '70', '110', '70', '80'];
258,Mudkip,['Water'],['630', '80', '160', '80', '130', '80', '100'];
259,Marshtomp,['Water', 'Ground'],['310', '50', '70', '50', '50', '50', '40'];
260,Swampert,['Water', 'Ground'],['405', '70', '85', '70', '60', '70', '50'];
260,Swampert,['Water', 'Ground'],['535', '100', '110', '90', '85', '90', '60'];
261,Poochyena,['Dark'],['635', '100', '150', '110', '95', '110', '70'];
262,Mightyena,['Dark'],['220', '35', '55', '35', '30', '30', '35'];
263,Zigzagoon,['Normal'],['420', '70', '90', '70', '60', '60', '70'];
263,Zigzagoon,['Dark', 'Normal'],['240', '38', '30', '41', '30', '41', '60'];
264,Linoone,['Normal'],['240', '38', '30', '41', '30', '41', '60'];
264,Linoone,['Dark', 'Normal'],['420', '78', '70', '61', '50', '61', '100'];
265,Wurmple,['Bug'],['420', '78', '70', '61', '50', '61', '100'];
266,Silcoon,['Bug'],['195', '45', '45', '35', '20', '30', '20'];
267,Beautifly,['Bug', 'Flying'],['205', '50', '35', '55', '25', '25', '15'];
268,Cascoon,['Bug'],['395', '60', '70', '50', '100', '50', '65'];
269,Dustox,['Bug', 'Poison'],['205', '50', '35', '55', '25', '25', '15'];
270,Lotad,['Water', 'Grass'],['385', '60', '50', '70', '50', '90', '65'];
271,Lombre,['Water', 'Grass'],['220', '40', '30', '30', '40', '50', '30'];
272,Ludicolo,['Water', 'Grass'],['340', '60', '50', '50', '60', '70', '50'];
273,Seedot,['Grass'],['480', '80', '70', '70', '90', '100', '70'];
274,Nuzleaf,['Grass', 'Dark'],['220', '40', '40', '50', '30', '30', '30'];
275,Shiftry,['Grass', 'Dark'],['340', '70', '70', '40', '60', '40', '60'];
276,Taillow,['Normal', 'Flying'],['480', '90', '100', '60', '90', '60', '80'];
277,Swellow,['Normal', 'Flying'],['270', '40', '55', '30', '30', '30', '85'];
278,Wingull,['Water', 'Flying'],['455', '60', '85', '60', '75', '50', '125'];
279,Pelipper,['Water', 'Flying'],['270', '40', '30', '30', '55', '30', '85'];
280,Ralts,['Psychic', 'Fairy'],['440', '60', '50', '100', '95', '70', '65'];
281,Kirlia,['Psychic', 'Fairy'],['198', '28', '25', '25', '45', '35', '40'];
282,Gardevoir,['Psychic', 'Fairy'],['278', '38', '35', '35', '65', '55', '50'];
282,Gardevoir,['Psychic', 'Fairy'],['518', '68', '65', '65', '125', '115', '80'];
283,Surskit,['Bug', 'Water'],['618', '68', '85', '65', '165', '135', '100'];
284,Masquerain,['Bug', 'Flying'],['269', '40', '30', '32', '50', '52', '65'];
285,Shroomish,['Grass'],['454', '70', '60', '62', '100', '82', '80'];
286,Breloom,['Grass', 'Fighting'],['295', '60', '40', '60', '40', '60', '35'];
287,Slakoth,['Normal'],['460', '60', '130', '80', '60', '60', '70'];
288,Vigoroth,['Normal'],['280', '60', '60', '60', '35', '35', '30'];
289,Slaking,['Normal'],['440', '80', '80', '80', '55', '55', '90'];
290,Nincada,['Bug', 'Ground'],['670', '150', '160', '100', '95', '65', '100'];
291,Ninjask,['Bug', 'Flying'],['266', '31', '45', '90', '30', '30', '40'];
292,Shedinja,['Bug', 'Ghost'],['456', '61', '90', '45', '50', '50', '160'];
293,Whismur,['Normal'],['236', '1', '90', '45', '30', '30', '40'];
294,Loudred,['Normal'],['240', '64', '51', '23', '51', '23', '28'];
295,Exploud,['Normal'],['360', '84', '71', '43', '71', '43', '48'];
296,Makuhita,['Fighting'],['490', '104', '91', '63', '91', '73', '68'];
297,Hariyama,['Fighting'],['237', '72', '60', '30', '20', '30', '25'];
298,Azurill,['Normal', 'Fairy'],['474', '144', '120', '60', '40', '60', '50'];
299,Nosepass,['Rock'],['190', '50', '20', '40', '20', '40', '20'];
300,Skitty,['Normal'],['375', '30', '45', '135', '45', '90', '30'];
301,Delcatty,['Normal'],['260', '50', '45', '45', '35', '35', '50'];
302,Sableye,['Dark', 'Ghost'],['400', '70', '65', '65', '55', '55', '90'];
302,Sableye,['Dark', 'Ghost'],['380', '50', '75', '75', '65', '65', '50'];
303,Mawile,['Steel', 'Fairy'],['480', '50', '85', '125', '85', '115', '20'];
303,Mawile,['Steel', 'Fairy'],['380', '50', '85', '85', '55', '55', '50'];
304,Aron,['Steel', 'Rock'],['480', '50', '105', '125', '55', '95', '50'];
305,Lairon,['Steel', 'Rock'],['330', '50', '70', '100', '40', '40', '30'];
306,Aggron,['Steel', 'Rock'],['430', '60', '90', '140', '50', '50', '40'];
306,Aggron,['Steel'],['530', '70', '110', '180', '60', '60', '50'];
307,Meditite,['Fighting', 'Psychic'],['630', '70', '140', '230', '60', '80', '50'];
308,Medicham,['Fighting', 'Psychic'],['280', '30', '40', '55', '40', '55', '60'];
308,Medicham,['Fighting', 'Psychic'],['410', '60', '60', '75', '60', '75', '80'];
309,Electrike,['Electric'],['510', '60', '100', '85', '80', '85', '100'];
310,Manectric,['Electric'],['295', '40', '45', '40', '65', '40', '65'];
310,Manectric,['Electric'],['475', '70', '75', '60', '105', '60', '105'];
311,Plusle,['Electric'],['575', '70', '75', '80', '135', '80', '135'];
312,Minun,['Electric'],['405', '60', '50', '40', '85', '75', '95'];
313,Volbeat,['Bug'],['405', '60', '40', '50', '75', '85', '95'];
314,Illumise,['Bug'],['430', '65', '73', '75', '47', '85', '85'];
315,Roselia,['Grass', 'Poison'],['430', '65', '47', '75', '73', '85', '85'];
316,Gulpin,['Poison'],['400', '50', '60', '45', '100', '80', '65'];
317,Swalot,['Poison'],['302', '70', '43', '53', '43', '53', '40'];
318,Carvanha,['Water', 'Dark'],['467', '100', '73', '83', '73', '83', '55'];
319,Sharpedo,['Water', 'Dark'],['305', '45', '90', '20', '65', '20', '65'];
319,Sharpedo,['Water', 'Dark'],['460', '70', '120', '40', '95', '40', '95'];
320,Wailmer,['Water'],['560', '70', '140', '70', '110', '65', '105'];
321,Wailord,['Water'],['400', '130', '70', '35', '70', '35', '60'];
322,Numel,['Fire', 'Ground'],['500', '170', '90', '45', '90', '45', '60'];
323,Camerupt,['Fire', 'Ground'],['305', '60', '60', '40', '65', '45', '35'];
323,Camerupt,['Fire', 'Ground'],['460', '70', '100', '70', '105', '75', '40'];
324,Torkoal,['Fire'],['560', '70', '120', '100', '145', '105', '20'];
325,Spoink,['Psychic'],['470', '70', '85', '140', '85', '70', '20'];
326,Grumpig,['Psychic'],['330', '60', '25', '35', '70', '80', '60'];
327,Spinda,['Normal'],['470', '80', '45', '65', '90', '110', '80'];
328,Trapinch,['Ground'],['360', '60', '60', '60', '60', '60', '60'];
329,Vibrava,['Ground', 'Dragon'],['290', '45', '100', '45', '45', '45', '10'];
330,Flygon,['Ground', 'Dragon'],['340', '50', '70', '50', '50', '50', '70'];
331,Cacnea,['Grass'],['520', '80', '100', '80', '80', '80', '100'];
332,Cacturne,['Grass', 'Dark'],['335', '50', '85', '40', '85', '40', '35'];
333,Swablu,['Normal', 'Flying'],['475', '70', '115', '60', '115', '60', '55'];
334,Altaria,['Dragon', 'Flying'],['310', '45', '40', '60', '40', '75', '50'];
334,Altaria,['Dragon', 'Fairy'],['490', '75', '70', '90', '70', '105', '80'];
335,Zangoose,['Normal'],['590', '75', '110', '110', '110', '105', '80'];
336,Seviper,['Poison'],['458', '73', '115', '60', '60', '60', '90'];
337,Lunatone,['Rock', 'Psychic'],['458', '73', '100', '60', '100', '60', '65'];
338,Solrock,['Rock', 'Psychic'],['460', '90', '55', '65', '95', '85', '70'];
339,Barboach,['Water', 'Ground'],['460', '90', '95', '85', '55', '65', '70'];
340,Whiscash,['Water', 'Ground'],['288', '50', '48', '43', '46', '41', '60'];
341,Corphish,['Water'],['468', '110', '78', '73', '76', '71', '60'];
342,Crawdaunt,['Water', 'Dark'],['308', '43', '80', '65', '50', '35', '35'];
343,Baltoy,['Ground', 'Psychic'],['468', '63', '120', '85', '90', '55', '55'];
344,Claydol,['Ground', 'Psychic'],['300', '40', '40', '55', '40', '70', '55'];
345,Lileep,['Rock', 'Grass'],['500', '60', '70', '105', '70', '120', '75'];
346,Cradily,['Rock', 'Grass'],['355', '66', '41', '77', '61', '87', '23'];
347,Anorith,['Rock', 'Bug'],['495', '86', '81', '97', '81', '107', '43'];
348,Armaldo,['Rock', 'Bug'],['355', '45', '95', '50', '40', '50', '75'];
349,Feebas,['Water'],['495', '75', '125', '100', '70', '80', '45'];
350,Milotic,['Water'],['200', '20', '15', '20', '10', '55', '80'];
351,Castform,['Normal'],['540', '95', '60', '79', '100', '125', '81'];
351,Castform,['Fire'],['420', '70', '70', '70', '70', '70', '70'];
351,Castform,['Water'],['420', '70', '70', '70', '70', '70', '70'];
351,Castform,['Ice'],['420', '70', '70', '70', '70', '70', '70'];
352,Kecleon,['Normal'],['420', '70', '70', '70', '70', '70', '70'];
353,Shuppet,['Ghost'],['440', '60', '90', '70', '60', '120', '40'];
354,Banette,['Ghost'],['295', '44', '75', '35', '63', '33', '45'];
354,Banette,['Ghost'],['455', '64', '115', '65', '83', '63', '65'];
355,Duskull,['Ghost'],['555', '64', '165', '75', '93', '83', '75'];
356,Dusclops,['Ghost'],['295', '20', '40', '90', '30', '90', '25'];
357,Tropius,['Grass', 'Flying'],['455', '40', '70', '130', '60', '130', '25'];
358,Chimecho,['Psychic'],['460', '99', '68', '83', '72', '87', '51'];
359,Absol,['Dark'],['455', '75', '50', '80', '95', '90', '65'];
359,Absol,['Dark'],['465', '65', '130', '60', '75', '60', '75'];
360,Wynaut,['Psychic'],['565', '65', '150', '60', '115', '60', '115'];
361,Snorunt,['Ice'],['260', '95', '23', '48', '23', '48', '23'];
362,Glalie,['Ice'],['300', '50', '50', '50', '50', '50', '50'];
362,Glalie,['Ice'],['480', '80', '80', '80', '80', '80', '80'];
363,Spheal,['Ice', 'Water'],['580', '80', '120', '80', '120', '80', '100'];
364,Sealeo,['Ice', 'Water'],['290', '70', '40', '50', '55', '50', '25'];
365,Walrein,['Ice', 'Water'],['410', '90', '60', '70', '75', '70', '45'];
366,Clamperl,['Water'],['530', '110', '80', '90', '95', '90', '65'];
367,Huntail,['Water'],['345', '35', '64', '85', '74', '55', '32'];
368,Gorebyss,['Water'],['485', '55', '104', '105', '94', '75', '52'];
369,Relicanth,['Water', 'Rock'],['485', '55', '84', '105', '114', '75', '52'];
370,Luvdisc,['Water'],['485', '100', '90', '130', '45', '65', '55'];
371,Bagon,['Dragon'],['330', '43', '30', '55', '40', '65', '97'];
372,Shelgon,['Dragon'],['300', '45', '75', '60', '40', '30', '50'];
373,Salamence,['Dragon', 'Flying'],['420', '65', '95', '100', '60', '50', '50'];
373,Salamence,['Dragon', 'Flying'],['600', '95', '135', '80', '110', '80', '100'];
374,Beldum,['Steel', 'Psychic'],['700', '95', '145', '130', '120', '90', '120'];
375,Metang,['Steel', 'Psychic'],['300', '40', '55', '80', '35', '60', '30'];
376,Metagross,['Steel', 'Psychic'],['420', '60', '75', '100', '55', '80', '50'];
376,Metagross,['Steel', 'Psychic'],['600', '80', '135', '130', '95', '90', '70'];
377,Regirock,['Rock'],['700', '80', '145', '150', '105', '110', '110'];
378,Regice,['Ice'],['580', '80', '100', '200', '50', '100', '50'];
379,Registeel,['Steel'],['580', '80', '50', '100', '100', '200', '50'];
380,Latias,['Dragon', 'Psychic'],['580', '80', '75', '150', '75', '150', '50'];
380,Latias,['Dragon', 'Psychic'],['600', '80', '80', '90', '110', '130', '110'];
381,Latios,['Dragon', 'Psychic'],['700', '80', '100', '120', '140', '150', '110'];
381,Latios,['Dragon', 'Psychic'],['600', '80', '90', '80', '130', '110', '110'];
382,Kyogre,['Water'],['700', '80', '130', '100', '160', '120', '110'];
382,Kyogre,['Water'],['670', '100', '100', '90', '150', '140', '90'];
383,Groudon,['Ground'],['770', '100', '150', '90', '180', '160', '90'];
383,Groudon,['Ground', 'Fire'],['670', '100', '150', '140', '100', '90', '90'];
384,Rayquaza,['Dragon', 'Flying'],['770', '100', '180', '160', '150', '90', '90'];
384,Rayquaza,['Dragon', 'Flying'],['680', '105', '150', '90', '150', '90', '95'];
385,Jirachi,['Steel', 'Psychic'],['780', '105', '180', '100', '180', '100', '115'];
386,Deoxys,['Psychic'],['600', '100', '100', '100', '100', '100', '100'];
386,Deoxys,['Psychic'],['600', '50', '150', '50', '150', '50', '150'];
386,Deoxys,['Psychic'],['600', '50', '180', '20', '180', '20', '150'];
386,Deoxys,['Psychic'],['600', '50', '70', '160', '70', '160', '90'];
387,Turtwig,['Grass'],['600', '50', '95', '90', '95', '90', '180'];
388,Grotle,['Grass'],['318', '55', '68', '64', '45', '55', '31'];
389,Torterra,['Grass', 'Ground'],['405', '75', '89', '85', '55', '65', '36'];
390,Chimchar,['Fire'],['525', '95', '109', '105', '75', '85', '56'];
391,Monferno,['Fire', 'Fighting'],['309', '44', '58', '44', '58', '44', '61'];
392,Infernape,['Fire', 'Fighting'],['405', '64', '78', '52', '78', '52', '81'];
393,Piplup,['Water'],['534', '76', '104', '71', '104', '71', '108'];
394,Prinplup,['Water'],['314', '53', '51', '53', '61', '56', '40'];
395,Empoleon,['Water', 'Steel'],['405', '64', '66', '68', '81', '76', '50'];
396,Starly,['Normal', 'Flying'],['530', '84', '86', '88', '111', '101', '60'];
397,Staravia,['Normal', 'Flying'],['245', '40', '55', '30', '30', '30', '60'];
398,Staraptor,['Normal', 'Flying'],['340', '55', '75', '50', '40', '40', '80'];
399,Bidoof,['Normal'],['485', '85', '120', '70', '50', '60', '100'];
400,Bibarel,['Normal', 'Water'],['250', '59', '45', '40', '35', '40', '31'];
401,Kricketot,['Bug'],['410', '79', '85', '60', '55', '60', '71'];
402,Kricketune,['Bug'],['194', '37', '25', '41', '25', '41', '25'];
403,Shinx,['Electric'],['384', '77', '85', '51', '55', '51', '65'];
404,Luxio,['Electric'],['263', '45', '65', '34', '40', '34', '45'];
405,Luxray,['Electric'],['363', '60', '85', '49', '60', '49', '60'];
406,Budew,['Grass', 'Poison'],['523', '80', '120', '79', '95', '79', '70'];
407,Roserade,['Grass', 'Poison'],['280', '40', '30', '35', '50', '70', '55'];
408,Cranidos,['Rock'],['515', '60', '70', '65', '125', '105', '90'];
409,Rampardos,['Rock'],['350', '67', '125', '40', '30', '30', '58'];
410,Shieldon,['Rock', 'Steel'],['495', '97', '165', '60', '65', '50', '58'];
411,Bastiodon,['Rock', 'Steel'],['350', '30', '42', '118', '42', '88', '30'];
412,Burmy,['Bug'],['495', '60', '52', '168', '47', '138', '30'];
412,Burmy,['Bug'],['224', '40', '29', '45', '29', '45', '36'];
412,Burmy,['Bug'],['224', '40', '29', '45', '29', '45', '36'];
413,Wormadam,['Bug', 'Grass'],['224', '40', '29', '45', '29', '45', '36'];
413,Wormadam,['Bug', 'Ground'],['424', '60', '59', '85', '79', '105', '36'];
413,Wormadam,['Bug', 'Steel'],['424', '60', '79', '105', '59', '85', '36'];
414,Mothim,['Bug', 'Flying'],['424', '60', '69', '95', '69', '95', '36'];
415,Combee,['Bug', 'Flying'],['424', '70', '94', '50', '94', '50', '66'];
416,Vespiquen,['Bug', 'Flying'],['244', '30', '30', '42', '30', '42', '70'];
417,Pachirisu,['Electric'],['474', '70', '80', '102', '80', '102', '40'];
418,Buizel,['Water'],['405', '60', '45', '70', '45', '90', '95'];
419,Floatzel,['Water'],['330', '55', '65', '35', '60', '30', '85'];
420,Cherubi,['Grass'],['495', '85', '105', '55', '85', '50', '115'];
421,Cherrim,['Grass'],['275', '45', '35', '45', '62', '53', '35'];
422,Shellos,['Water'],['450', '70', '60', '70', '87', '78', '85'];
423,Gastrodon,['Water', 'Ground'],['325', '76', '48', '48', '57', '62', '34'];
424,Ambipom,['Normal'],['475', '111', '83', '68', '92', '82', '39'];
425,Drifloon,['Ghost', 'Flying'],['482', '75', '100', '66', '60', '66', '115'];
426,Drifblim,['Ghost', 'Flying'],['348', '90', '50', '34', '60', '44', '70'];
427,Buneary,['Normal'],['498', '150', '80', '44', '90', '54', '80'];
428,Lopunny,['Normal'],['350', '55', '66', '44', '44', '56', '85'];
428,Lopunny,['Normal', 'Fighting'],['480', '65', '76', '84', '54', '96', '105'];
429,Mismagius,['Ghost'],['580', '65', '136', '94', '54', '96', '135'];
430,Honchkrow,['Dark', 'Flying'],['495', '60', '60', '60', '105', '105', '105'];
431,Glameow,['Normal'],['505', '100', '125', '52', '105', '52', '71'];
432,Purugly,['Normal'],['310', '49', '55', '42', '42', '37', '85'];
433,Chingling,['Psychic'],['452', '71', '82', '64', '64', '59', '112'];
434,Stunky,['Poison', 'Dark'],['285', '45', '30', '50', '65', '50', '45'];
435,Skuntank,['Poison', 'Dark'],['329', '63', '63', '47', '41', '41', '74'];
436,Bronzor,['Steel', 'Psychic'],['479', '103', '93', '67', '71', '61', '84'];
437,Bronzong,['Steel', 'Psychic'],['300', '57', '24', '86', '24', '86', '23'];
438,Bonsly,['Rock'],['500', '67', '89', '116', '79', '116', '33'];
439,Mime Jr.,['Psychic', 'Fairy'],['290', '50', '80', '95', '10', '45', '10'];
440,Happiny,['Normal'],['310', '20', '25', '45', '70', '90', '60'];
441,Chatot,['Normal', 'Flying'],['220', '100', '5', '5', '15', '65', '30'];
442,Spiritomb,['Ghost', 'Dark'],['411', '76', '65', '45', '92', '42', '91'];
443,Gible,['Dragon', 'Ground'],['485', '50', '92', '108', '92', '108', '35'];
444,Gabite,['Dragon', 'Ground'],['300', '58', '70', '45', '40', '45', '42'];
445,Garchomp,['Dragon', 'Ground'],['410', '68', '90', '65', '50', '55', '82'];
445,Garchomp,['Dragon', 'Ground'],['600', '108', '130', '95', '80', '85', '102'];
446,Munchlax,['Normal'],['700', '108', '170', '115', '120', '95', '92'];
447,Riolu,['Fighting'],['390', '135', '85', '40', '40', '85', '5'];
448,Lucario,['Fighting', 'Steel'],['285', '40', '70', '40', '35', '40', '60'];
448,Lucario,['Fighting', 'Steel'],['525', '70', '110', '70', '115', '70', '90'];
449,Hippopotas,['Ground'],['625', '70', '145', '88', '140', '70', '112'];
450,Hippowdon,['Ground'],['330', '68', '72', '78', '38', '42', '32'];
451,Skorupi,['Poison', 'Bug'],['525', '108', '112', '118', '68', '72', '47'];
452,Drapion,['Poison', 'Dark'],['330', '40', '50', '90', '30', '55', '65'];
453,Croagunk,['Poison', 'Fighting'],['500', '70', '90', '110', '60', '75', '95'];
454,Toxicroak,['Poison', 'Fighting'],['300', '48', '61', '40', '61', '40', '50'];
455,Carnivine,['Grass'],['490', '83', '106', '65', '86', '65', '85'];
456,Finneon,['Water'],['454', '74', '100', '72', '90', '72', '46'];
457,Lumineon,['Water'],['330', '49', '49', '56', '49', '61', '66'];
458,Mantyke,['Water', 'Flying'],['460', '69', '69', '76', '69', '86', '91'];
459,Snover,['Grass', 'Ice'],['345', '45', '20', '50', '60', '120', '50'];
460,Abomasnow,['Grass', 'Ice'],['334', '60', '62', '50', '62', '60', '40'];
460,Abomasnow,['Grass', 'Ice'],['494', '90', '92', '75', '92', '85', '60'];
461,Weavile,['Dark', 'Ice'],['594', '90', '132', '105', '132', '105', '30'];
462,Magnezone,['Electric', 'Steel'],['510', '70', '120', '65', '45', '85', '125'];
463,Lickilicky,['Normal'],['535', '70', '70', '115', '130', '90', '60'];
464,Rhyperior,['Ground', 'Rock'],['515', '110', '85', '95', '80', '95', '50'];
465,Tangrowth,['Grass'],['535', '115', '140', '130', '55', '55', '40'];
466,Electivire,['Electric'],['535', '100', '100', '125', '110', '50', '50'];
467,Magmortar,['Fire'],['540', '75', '123', '67', '95', '85', '95'];
468,Togekiss,['Fairy', 'Flying'],['540', '75', '95', '67', '125', '95', '83'];
469,Yanmega,['Bug', 'Flying'],['545', '85', '50', '95', '120', '115', '80'];
470,Leafeon,['Grass'],['515', '86', '76', '86', '116', '56', '95'];
471,Glaceon,['Ice'],['525', '65', '110', '130', '60', '65', '95'];
472,Gliscor,['Ground', 'Flying'],['525', '65', '60', '110', '130', '95', '65'];
473,Mamoswine,['Ice', 'Ground'],['510', '75', '95', '125', '45', '75', '95'];
474,Porygon-Z,['Normal'],['530', '110', '130', '80', '70', '60', '80'];
475,Gallade,['Psychic', 'Fighting'],['535', '85', '80', '70', '135', '75', '90'];
475,Gallade,['Psychic', 'Fighting'],['518', '68', '125', '65', '65', '115', '80'];
476,Probopass,['Rock', 'Steel'],['618', '68', '165', '95', '65', '115', '110'];
477,Dusknoir,['Ghost'],['525', '60', '55', '145', '75', '150', '40'];
478,Froslass,['Ice', 'Ghost'],['525', '45', '100', '135', '65', '135', '45'];
479,Rotom,['Electric', 'Ghost'],['480', '70', '80', '70', '80', '70', '110'];
479,Rotom,['Electric', 'Fire'],['440', '50', '50', '77', '95', '77', '91'];
479,Rotom,['Electric', 'Water'],['520', '50', '65', '107', '105', '107', '86'];
479,Rotom,['Electric', 'Ice'],['520', '50', '65', '107', '105', '107', '86'];
479,Rotom,['Electric', 'Flying'],['520', '50', '65', '107', '105', '107', '86'];
479,Rotom,['Electric', 'Grass'],['520', '50', '65', '107', '105', '107', '86'];
480,Uxie,['Psychic'],['520', '50', '65', '107', '105', '107', '86'];
481,Mesprit,['Psychic'],['580', '75', '75', '130', '75', '130', '95'];
482,Azelf,['Psychic'],['580', '80', '105', '105', '105', '105', '80'];
483,Dialga,['Steel', 'Dragon'],['580', '75', '125', '70', '125', '70', '115'];
483,Dialga,['Steel', 'Dragon'],['680', '100', '120', '120', '150', '100', '90'];
484,Palkia,['Water', 'Dragon'],['680', '100', '100', '120', '150', '120', '90'];
484,Palkia,['Water', 'Dragon'],['680', '90', '120', '100', '150', '120', '100'];
485,Heatran,['Fire', 'Steel'],['680', '90', '100', '100', '150', '120', '120'];
486,Regigigas,['Normal'],['600', '91', '90', '106', '130', '106', '77'];
487,Giratina,['Ghost', 'Dragon'],['670', '110', '160', '110', '80', '110', '100'];
487,Giratina,['Ghost', 'Dragon'],['680', '150', '100', '120', '100', '120', '90'];
488,Cresselia,['Psychic'],['680', '150', '120', '100', '120', '100', '90'];
489,Phione,['Water'],['600', '120', '70', '120', '75', '130', '85'];
490,Manaphy,['Water'],['480', '80', '80', '80', '80', '80', '80'];
491,Darkrai,['Dark'],['600', '100', '100', '100', '100', '100', '100'];
492,Shaymin,['Grass'],['600', '70', '90', '90', '135', '90', '125'];
492,Shaymin,['Grass', 'Flying'],['600', '100', '100', '100', '100', '100', '100'];
493,Arceus,['Normal'],['600', '100', '103', '75', '120', '75', '127'];
494,Victini,['Psychic', 'Fire'],['720', '120', '120', '120', '120', '120', '120'];
495,Snivy,['Grass'],['600', '100', '100', '100', '100', '100', '100'];
496,Servine,['Grass'],['308', '45', '45', '55', '45', '55', '63'];
497,Serperior,['Grass'],['413', '60', '60', '75', '60', '75', '83'];
498,Tepig,['Fire'],['528', '75', '75', '95', '75', '95', '113'];
499,Pignite,['Fire', 'Fighting'],['308', '65', '63', '45', '45', '45', '45'];
500,Emboar,['Fire', 'Fighting'],['418', '90', '93', '55', '70', '55', '55'];
501,Oshawott,['Water'],['528', '110', '123', '65', '100', '65', '65'];
502,Dewott,['Water'],['308', '55', '55', '45', '63', '45', '45'];
503,Samurott,['Water'],['413', '75', '75', '60', '83', '60', '60'];
503,Samurott,['Water', 'Dark'],['528', '95', '100', '85', '108', '70', '70'];
504,Patrat,['Normal'],['528', '90', '108', '80', '100', '65', '85'];
505,Watchog,['Normal'],['255', '45', '55', '39', '35', '39', '42'];
506,Lillipup,['Normal'],['420', '60', '85', '69', '60', '69', '77'];
507,Herdier,['Normal'],['275', '45', '60', '45', '25', '45', '55'];
508,Stoutland,['Normal'],['370', '65', '80', '65', '35', '65', '60'];
509,Purrloin,['Dark'],['500', '85', '110', '90', '45', '90', '80'];
510,Liepard,['Dark'],['281', '41', '50', '37', '50', '37', '66'];
511,Pansage,['Grass'],['446', '64', '88', '50', '88', '50', '106'];
512,Simisage,['Grass'],['316', '50', '53', '48', '53', '48', '64'];
513,Pansear,['Fire'],['498', '75', '98', '63', '98', '63', '101'];
514,Simisear,['Fire'],['316', '50', '53', '48', '53', '48', '64'];
515,Panpour,['Water'],['498', '75', '98', '63', '98', '63', '101'];
516,Simipour,['Water'],['316', '50', '53', '48', '53', '48', '64'];
517,Munna,['Psychic'],['498', '75', '98', '63', '98', '63', '101'];
518,Musharna,['Psychic'],['292', '76', '25', '45', '67', '55', '24'];
519,Pidove,['Normal', 'Flying'],['487', '116', '55', '85', '107', '95', '29'];
520,Tranquill,['Normal', 'Flying'],['264', '50', '55', '50', '36', '30', '43'];
521,Unfezant,['Normal', 'Flying'],['358', '62', '77', '62', '50', '42', '65'];
522,Blitzle,['Electric'],['488', '80', '115', '80', '65', '55', '93'];
523,Zebstrika,['Electric'],['295', '45', '60', '32', '50', '32', '76'];
524,Roggenrola,['Rock'],['497', '75', '100', '63', '80', '63', '116'];
525,Boldore,['Rock'],['280', '55', '75', '85', '25', '25', '15'];
526,Gigalith,['Rock'],['390', '70', '105', '105', '50', '40', '20'];
527,Woobat,['Psychic', 'Flying'],['515', '85', '135', '130', '60', '80', '25'];
528,Swoobat,['Psychic', 'Flying'],['323', '65', '45', '43', '55', '43', '72'];
529,Drilbur,['Ground'],['425', '67', '57', '55', '77', '55', '114'];
530,Excadrill,['Ground', 'Steel'],['328', '60', '85', '40', '30', '45', '68'];
531,Audino,['Normal'],['508', '110', '135', '60', '50', '65', '88'];
531,Audino,['Normal', 'Fairy'],['445', '103', '60', '86', '60', '86', '50'];
532,Timburr,['Fighting'],['545', '103', '60', '126', '80', '126', '50'];
533,Gurdurr,['Fighting'],['305', '75', '80', '55', '25', '35', '35'];
534,Conkeldurr,['Fighting'],['405', '85', '105', '85', '40', '50', '40'];
535,Tympole,['Water'],['505', '105', '140', '95', '55', '65', '45'];
536,Palpitoad,['Water', 'Ground'],['294', '50', '50', '40', '50', '40', '64'];
537,Seismitoad,['Water', 'Ground'],['384', '75', '65', '55', '65', '55', '69'];
538,Throh,['Fighting'],['509', '105', '95', '75', '85', '75', '74'];
539,Sawk,['Fighting'],['465', '120', '100', '85', '30', '85', '45'];
540,Sewaddle,['Bug', 'Grass'],['465', '75', '125', '75', '30', '75', '85'];
541,Swadloon,['Bug', 'Grass'],['310', '45', '53', '70', '40', '60', '42'];
542,Leavanny,['Bug', 'Grass'],['380', '55', '63', '90', '50', '80', '42'];
543,Venipede,['Bug', 'Poison'],['500', '75', '103', '80', '70', '80', '92'];
544,Whirlipede,['Bug', 'Poison'],['260', '30', '45', '59', '30', '39', '57'];
545,Scolipede,['Bug', 'Poison'],['360', '40', '55', '99', '40', '79', '47'];
546,Cottonee,['Grass', 'Fairy'],['485', '60', '100', '89', '55', '69', '112'];
547,Whimsicott,['Grass', 'Fairy'],['280', '40', '27', '60', '37', '50', '66'];
548,Petilil,['Grass'],['480', '60', '67', '85', '77', '75', '116'];
549,Lilligant,['Grass'],['280', '45', '35', '50', '70', '50', '30'];
549,Lilligant,['Grass', 'Fighting'],['480', '70', '60', '75', '110', '75', '90'];
550,Basculin,['Water'],['480', '70', '105', '75', '50', '75', '105'];
550,Basculin,['Water'],['460', '70', '92', '65', '80', '55', '98'];
550,Basculin,['Water'],['460', '70', '92', '65', '80', '55', '98'];
551,Sandile,['Ground', 'Dark'],['460', '70', '92', '65', '80', '55', '98'];
552,Krokorok,['Ground', 'Dark'],['292', '50', '72', '35', '35', '35', '65'];
553,Krookodile,['Ground', 'Dark'],['351', '60', '82', '45', '45', '45', '74'];
554,Darumaka,['Fire'],['519', '95', '117', '80', '65', '70', '92'];
554,Darumaka,['Ice'],['315', '70', '90', '45', '15', '45', '50'];
555,Darmanitan,['Fire'],['315', '70', '90', '45', '15', '45', '50'];
555,Darmanitan,['Fire', 'Psychic'],['480', '105', '140', '55', '30', '55', '95'];
555,Darmanitan,['Ice'],['540', '105', '30', '105', '140', '105', '55'];
555,Darmanitan,['Ice', 'Fire'],['480', '105', '140', '55', '30', '55', '95'];
556,Maractus,['Grass'],['540', '105', '160', '55', '30', '55', '135'];
557,Dwebble,['Bug', 'Rock'],['461', '75', '86', '67', '106', '67', '60'];
558,Crustle,['Bug', 'Rock'],['325', '50', '65', '85', '35', '35', '55'];
559,Scraggy,['Dark', 'Fighting'],['485', '70', '105', '125', '65', '75', '45'];
560,Scrafty,['Dark', 'Fighting'],['348', '50', '75', '70', '35', '70', '48'];
561,Sigilyph,['Psychic', 'Flying'],['488', '65', '90', '115', '45', '115', '58'];
562,Yamask,['Ghost'],['490', '72', '58', '80', '103', '80', '97'];
562,Yamask,['Ground', 'Ghost'],['303', '38', '30', '85', '55', '65', '30'];
563,Cofagrigus,['Ghost'],['303', '38', '55', '85', '30', '65', '30'];
564,Tirtouga,['Water', 'Rock'],['483', '58', '50', '145', '95', '105', '30'];
565,Carracosta,['Water', 'Rock'],['355', '54', '78', '103', '53', '45', '22'];
566,Archen,['Rock', 'Flying'],['495', '74', '108', '133', '83', '65', '32'];
567,Archeops,['Rock', 'Flying'],['401', '55', '112', '45', '74', '45', '70'];
568,Trubbish,['Poison'],['567', '75', '140', '65', '112', '65', '110'];
569,Garbodor,['Poison'],['329', '50', '50', '62', '40', '62', '65'];
570,Zorua,['Dark'],['474', '80', '95', '82', '60', '82', '75'];
570,Zorua,['Normal', 'Ghost'],['330', '40', '65', '40', '80', '40', '65'];
571,Zoroark,['Dark'],['330', '35', '60', '40', '85', '40', '70'];
571,Zoroark,['Normal', 'Ghost'],['510', '60', '105', '60', '120', '60', '105'];
572,Minccino,['Normal'],['510', '55', '100', '60', '125', '60', '110'];
573,Cinccino,['Normal'],['300', '55', '50', '40', '40', '40', '75'];
574,Gothita,['Psychic'],['470', '75', '95', '60', '65', '60', '115'];
575,Gothorita,['Psychic'],['290', '45', '30', '50', '55', '65', '45'];
576,Gothitelle,['Psychic'],['390', '60', '45', '70', '75', '85', '55'];
577,Solosis,['Psychic'],['490', '70', '55', '95', '95', '110', '65'];
578,Duosion,['Psychic'],['290', '45', '30', '40', '105', '50', '20'];
579,Reuniclus,['Psychic'],['370', '65', '40', '50', '125', '60', '30'];
580,Ducklett,['Water', 'Flying'],['490', '110', '65', '75', '125', '85', '30'];
581,Swanna,['Water', 'Flying'],['305', '62', '44', '50', '44', '50', '55'];
582,Vanillite,['Ice'],['473', '75', '87', '63', '87', '63', '98'];
583,Vanillish,['Ice'],['305', '36', '50', '50', '65', '60', '44'];
584,Vanilluxe,['Ice'],['395', '51', '65', '65', '80', '75', '59'];
585,Deerling,['Normal', 'Grass'],['535', '71', '95', '85', '110', '95', '79'];
586,Sawsbuck,['Normal', 'Grass'],['335', '60', '60', '50', '40', '50', '75'];
587,Emolga,['Electric', 'Flying'],['475', '80', '100', '70', '60', '70', '95'];
588,Karrablast,['Bug'],['428', '55', '75', '60', '75', '60', '103'];
589,Escavalier,['Bug', 'Steel'],['315', '50', '75', '45', '40', '45', '60'];
590,Foongus,['Grass', 'Poison'],['495', '70', '135', '105', '60', '105', '20'];
591,Amoonguss,['Grass', 'Poison'],['294', '69', '55', '45', '55', '55', '15'];
592,Frillish,['Water', 'Ghost'],['464', '114', '85', '70', '85', '80', '30'];
593,Jellicent,['Water', 'Ghost'],['335', '55', '40', '50', '65', '85', '40'];
594,Alomomola,['Water'],['480', '100', '60', '70', '85', '105', '60'];
595,Joltik,['Bug', 'Electric'],['470', '165', '75', '80', '40', '45', '65'];
596,Galvantula,['Bug', 'Electric'],['319', '50', '47', '50', '57', '50', '65'];
597,Ferroseed,['Grass', 'Steel'],['472', '70', '77', '60', '97', '60', '108'];
598,Ferrothorn,['Grass', 'Steel'],['305', '44', '50', '91', '24', '86', '10'];
599,Klink,['Steel'],['489', '74', '94', '131', '54', '116', '20'];
600,Klang,['Steel'],['300', '40', '55', '70', '45', '60', '30'];
601,Klinklang,['Steel'],['440', '60', '80', '95', '70', '85', '50'];
602,Tynamo,['Electric'],['520', '60', '100', '115', '70', '85', '90'];
603,Eelektrik,['Electric'],['275', '35', '55', '40', '45', '40', '60'];
604,Eelektross,['Electric'],['405', '65', '85', '70', '75', '70', '40'];
605,Elgyem,['Psychic'],['515', '85', '115', '80', '105', '80', '50'];
606,Beheeyem,['Psychic'],['335', '55', '55', '55', '85', '55', '30'];
607,Litwick,['Ghost', 'Fire'],['485', '75', '75', '75', '125', '95', '40'];
608,Lampent,['Ghost', 'Fire'],['275', '50', '30', '55', '65', '55', '20'];
609,Chandelure,['Ghost', 'Fire'],['370', '60', '40', '60', '95', '60', '55'];
610,Axew,['Dragon'],['520', '60', '55', '90', '145', '90', '80'];
611,Fraxure,['Dragon'],['320', '46', '87', '60', '30', '40', '57'];
612,Haxorus,['Dragon'],['410', '66', '117', '70', '40', '50', '67'];
613,Cubchoo,['Ice'],['540', '76', '147', '90', '60', '70', '97'];
614,Beartic,['Ice'],['305', '55', '70', '40', '60', '40', '40'];
615,Cryogonal,['Ice'],['505', '95', '130', '80', '70', '80', '50'];
616,Shelmet,['Bug'],['515', '80', '50', '50', '95', '135', '105'];
617,Accelgor,['Bug'],['305', '50', '40', '85', '40', '65', '25'];
618,Stunfisk,['Ground', 'Electric'],['495', '80', '70', '40', '100', '60', '145'];
618,Stunfisk,['Ground', 'Steel'],['471', '109', '66', '84', '81', '99', '32'];
619,Mienfoo,['Fighting'],['471', '109', '81', '99', '66', '84', '32'];
620,Mienshao,['Fighting'],['350', '45', '85', '50', '55', '50', '65'];
621,Druddigon,['Dragon'],['510', '65', '125', '60', '95', '60', '105'];
622,Golett,['Ground', 'Ghost'],['485', '77', '120', '90', '60', '90', '48'];
623,Golurk,['Ground', 'Ghost'],['303', '59', '74', '50', '35', '50', '35'];
624,Pawniard,['Dark', 'Steel'],['483', '89', '124', '80', '55', '80', '55'];
625,Bisharp,['Dark', 'Steel'],['340', '45', '85', '70', '40', '40', '60'];
626,Bouffalant,['Normal'],['490', '65', '125', '100', '60', '70', '70'];
627,Rufflet,['Normal', 'Flying'],['490', '95', '110', '95', '40', '95', '55'];
628,Braviary,['Normal', 'Flying'],['350', '70', '83', '50', '37', '50', '60'];
628,Braviary,['Psychic', 'Flying'],['510', '100', '123', '75', '57', '75', '80'];
629,Vullaby,['Dark', 'Flying'],['510', '110', '83', '70', '112', '70', '65'];
630,Mandibuzz,['Dark', 'Flying'],['370', '70', '55', '75', '45', '65', '60'];
631,Heatmor,['Fire'],['510', '110', '65', '105', '55', '95', '80'];
632,Durant,['Bug', 'Steel'],['484', '85', '97', '66', '105', '66', '65'];
633,Deino,['Dark', 'Dragon'],['484', '58', '109', '112', '48', '48', '109'];
634,Zweilous,['Dark', 'Dragon'],['300', '52', '65', '50', '45', '50', '38'];
635,Hydreigon,['Dark', 'Dragon'],['420', '72', '85', '70', '65', '70', '58'];
636,Larvesta,['Bug', 'Fire'],['600', '92', '105', '90', '125', '90', '98'];
637,Volcarona,['Bug', 'Fire'],['360', '55', '85', '55', '50', '55', '60'];
638,Cobalion,['Steel', 'Fighting'],['550', '85', '60', '65', '135', '105', '100'];
639,Terrakion,['Rock', 'Fighting'],['580', '91', '90', '129', '90', '72', '108'];
640,Virizion,['Grass', 'Fighting'],['580', '91', '129', '90', '72', '90', '108'];
641,Tornadus,['Flying'],['580', '91', '90', '72', '90', '129', '108'];
641,Tornadus,['Flying'],['580', '79', '115', '70', '125', '80', '111'];
642,Thundurus,['Electric', 'Flying'],['580', '79', '100', '80', '110', '90', '121'];
642,Thundurus,['Electric', 'Flying'],['580', '79', '115', '70', '125', '80', '111'];
643,Reshiram,['Dragon', 'Fire'],['580', '79', '105', '70', '145', '80', '101'];
644,Zekrom,['Dragon', 'Electric'],['680', '100', '120', '100', '150', '120', '90'];
645,Landorus,['Ground', 'Flying'],['680', '100', '150', '120', '120', '100', '90'];
645,Landorus,['Ground', 'Flying'],['600', '89', '125', '90', '115', '80', '101'];
646,Kyurem,['Dragon', 'Ice'],['600', '89', '145', '90', '105', '80', '91'];
646,Kyurem,['Dragon', 'Ice'],['660', '125', '130', '90', '130', '90', '95'];
646,Kyurem,['Dragon', 'Ice'],['700', '125', '120', '90', '170', '100', '95'];
647,Keldeo,['Water', 'Fighting'],['700', '125', '170', '100', '120', '90', '95'];
647,Keldeo,['Water', 'Fighting'],['580', '91', '72', '90', '129', '90', '108'];
648,Meloetta,['Normal', 'Psychic'],['580', '91', '72', '90', '129', '90', '108'];
648,Meloetta,['Normal', 'Fighting'],['600', '100', '77', '77', '128', '128', '90'];
649,Genesect,['Bug', 'Steel'],['600', '100', '128', '90', '77', '77', '128'];
650,Chespin,['Grass'],['600', '71', '120', '95', '120', '95', '99'];
651,Quilladin,['Grass'],['313', '56', '61', '65', '48', '45', '38'];
652,Chesnaught,['Grass', 'Fighting'],['405', '61', '78', '95', '56', '58', '57'];
653,Fennekin,['Fire'],['530', '88', '107', '122', '74', '75', '64'];
654,Braixen,['Fire'],['307', '40', '45', '40', '62', '60', '60'];
655,Delphox,['Fire', 'Psychic'],['409', '59', '59', '58', '90', '70', '73'];
656,Froakie,['Water'],['534', '75', '69', '72', '114', '100', '104'];
657,Frogadier,['Water'],['314', '41', '56', '40', '62', '44', '71'];
658,Greninja,['Water', 'Dark'],['405', '54', '63', '52', '83', '56', '97'];
658,Greninja,['Water', 'Dark'],['530', '72', '95', '67', '103', '71', '122'];
659,Bunnelby,['Normal'],['640', '72', '145', '67', '153', '71', '132'];
660,Diggersby,['Normal', 'Ground'],['237', '38', '36', '38', '32', '36', '57'];
661,Fletchling,['Normal', 'Flying'],['423', '85', '56', '77', '50', '77', '78'];
662,Fletchinder,['Fire', 'Flying'],['278', '45', '50', '43', '40', '38', '62'];
663,Talonflame,['Fire', 'Flying'],['382', '62', '73', '55', '56', '52', '84'];
664,Scatterbug,['Bug'],['499', '78', '81', '71', '74', '69', '126'];
665,Spewpa,['Bug'],['200', '38', '35', '40', '27', '25', '35'];
666,Vivillon,['Bug', 'Flying'],['213', '45', '22', '60', '27', '30', '29'];
667,Litleo,['Fire', 'Normal'],['411', '80', '52', '50', '90', '50', '89'];
668,Pyroar,['Fire', 'Normal'],['369', '62', '50', '58', '73', '54', '72'];
669,Flabébé,['Fairy'],['507', '86', '68', '72', '109', '66', '106'];
670,Floette,['Fairy'],['303', '44', '38', '39', '61', '79', '42'];
671,Florges,['Fairy'],['371', '54', '45', '47', '75', '98', '52'];
672,Skiddo,['Grass'],['552', '78', '65', '68', '112', '154', '75'];
673,Gogoat,['Grass'],['350', '66', '65', '48', '62', '57', '52'];
674,Pancham,['Fighting'],['531', '123', '100', '62', '97', '81', '68'];
675,Pangoro,['Fighting', 'Dark'],['348', '67', '82', '62', '46', '48', '43'];
676,Furfrou,['Normal'],['495', '95', '124', '78', '69', '71', '58'];
677,Espurr,['Psychic'],['472', '75', '80', '60', '65', '90', '102'];
678,Meowstic,['Psychic'],['355', '62', '48', '54', '63', '60', '68'];
678,Meowstic,['Psychic'],['466', '74', '48', '76', '83', '81', '104'];
679,Honedge,['Steel', 'Ghost'],['466', '74', '48', '76', '83', '81', '104'];
680,Doublade,['Steel', 'Ghost'],['325', '45', '80', '100', '35', '37', '28'];
681,Aegislash,['Steel', 'Ghost'],['448', '59', '110', '150', '45', '49', '35'];
681,Aegislash,['Steel', 'Ghost'],['500', '60', '50', '140', '50', '140', '60'];
682,Spritzee,['Fairy'],['500', '60', '140', '50', '140', '50', '60'];
683,Aromatisse,['Fairy'],['341', '78', '52', '60', '63', '65', '23'];
684,Swirlix,['Fairy'],['462', '101', '72', '72', '99', '89', '29'];
685,Slurpuff,['Fairy'],['341', '62', '48', '66', '59', '57', '49'];
686,Inkay,['Dark', 'Psychic'],['480', '82', '80', '86', '85', '75', '72'];
687,Malamar,['Dark', 'Psychic'],['288', '53', '54', '53', '37', '46', '45'];
688,Binacle,['Rock', 'Water'],['482', '86', '92', '88', '68', '75', '73'];
689,Barbaracle,['Rock', 'Water'],['306', '42', '52', '67', '39', '56', '50'];
690,Skrelp,['Poison', 'Water'],['500', '72', '105', '115', '54', '86', '68'];
691,Dragalge,['Poison', 'Dragon'],['320', '50', '60', '60', '60', '60', '30'];
692,Clauncher,['Water'],['494', '65', '75', '90', '97', '123', '44'];
693,Clawitzer,['Water'],['330', '50', '53', '62', '58', '63', '44'];
694,Helioptile,['Electric', 'Normal'],['500', '71', '73', '88', '120', '89', '59'];
695,Heliolisk,['Electric', 'Normal'],['289', '44', '38', '33', '61', '43', '70'];
696,Tyrunt,['Rock', 'Dragon'],['481', '62', '55', '52', '109', '94', '109'];
697,Tyrantrum,['Rock', 'Dragon'],['362', '58', '89', '77', '45', '45', '48'];
698,Amaura,['Rock', 'Ice'],['521', '82', '121', '119', '69', '59', '71'];
699,Aurorus,['Rock', 'Ice'],['362', '77', '59', '50', '67', '63', '46'];
700,Sylveon,['Fairy'],['521', '123', '77', '72', '99', '92', '58'];
701,Hawlucha,['Fighting', 'Flying'],['525', '95', '65', '65', '110', '130', '60'];
702,Dedenne,['Electric', 'Fairy'],['500', '78', '92', '75', '74', '63', '118'];
703,Carbink,['Rock', 'Fairy'],['431', '67', '58', '57', '81', '67', '101'];
704,Goomy,['Dragon'],['500', '50', '50', '150', '50', '150', '50'];
705,Sliggoo,['Dragon'],['300', '45', '50', '35', '55', '75', '40'];
705,Sliggoo,['Dragon', 'Steel'],['452', '68', '75', '53', '83', '113', '60'];
706,Goodra,['Dragon'],['452', '58', '75', '83', '83', '113', '40'];
706,Goodra,['Dragon', 'Steel'],['600', '90', '100', '70', '110', '150', '80'];
707,Klefki,['Steel', 'Fairy'],['600', '80', '100', '100', '110', '150', '60'];
708,Phantump,['Ghost', 'Grass'],['470', '57', '80', '91', '80', '87', '75'];
709,Trevenant,['Ghost', 'Grass'],['309', '43', '70', '48', '50', '60', '38'];
710,Pumpkaboo,['Ghost', 'Grass'],['474', '85', '110', '76', '65', '82', '56'];
710,Pumpkaboo,['Ghost', 'Grass'],['335', '49', '66', '70', '44', '55', '51'];
710,Pumpkaboo,['Ghost', 'Grass'],['335', '44', '66', '70', '44', '55', '56'];
710,Pumpkaboo,['Ghost', 'Grass'],['335', '54', '66', '70', '44', '55', '46'];
711,Gourgeist,['Ghost', 'Grass'],['335', '59', '66', '70', '44', '55', '41'];
711,Gourgeist,['Ghost', 'Grass'],['494', '65', '90', '122', '58', '75', '84'];
711,Gourgeist,['Ghost', 'Grass'],['494', '55', '85', '122', '58', '75', '99'];
711,Gourgeist,['Ghost', 'Grass'],['494', '75', '95', '122', '58', '75', '69'];
712,Bergmite,['Ice'],['494', '85', '100', '122', '58', '75', '54'];
713,Avalugg,['Ice'],['304', '55', '69', '85', '32', '35', '28'];
713,Avalugg,['Ice', 'Rock'],['514', '95', '117', '184', '44', '46', '28'];
714,Noibat,['Flying', 'Dragon'],['514', '95', '127', '184', '34', '36', '38'];
715,Noivern,['Flying', 'Dragon'],['245', '40', '30', '35', '45', '40', '55'];
716,Xerneas,['Fairy'],['535', '85', '70', '80', '97', '80', '123'];
717,Yveltal,['Dark', 'Flying'],['680', '126', '131', '95', '131', '98', '99'];
718,Zygarde,['Dragon', 'Ground'],['680', '126', '131', '95', '131', '98', '99'];
718,Zygarde,['Dragon', 'Ground'],['600', '108', '100', '121', '81', '95', '95'];
718,Zygarde,['Dragon', 'Ground'],['486', '54', '100', '71', '61', '85', '115'];
719,Diancie,['Rock', 'Fairy'],['708', '216', '100', '121', '91', '95', '85'];
719,Diancie,['Rock', 'Fairy'],['600', '50', '100', '150', '100', '150', '50'];
720,Hoopa,['Psychic', 'Ghost'],['700', '50', '160', '110', '160', '110', '110'];
720,Hoopa,['Psychic', 'Dark'],['600', '80', '110', '60', '150', '130', '70'];
721,Volcanion,['Fire', 'Water'],['680', '80', '160', '60', '170', '130', '80'];
722,Rowlet,['Grass', 'Flying'],['600', '80', '110', '120', '130', '90', '70'];
723,Dartrix,['Grass', 'Flying'],['320', '68', '55', '55', '50', '50', '42'];
724,Decidueye,['Grass', 'Ghost'],['420', '78', '75', '75', '70', '70', '52'];
724,Decidueye,['Grass', 'Fighting'],['530', '78', '107', '75', '100', '100', '70'];
725,Litten,['Fire'],['530', '88', '112', '80', '95', '95', '60'];
726,Torracat,['Fire'],['320', '45', '65', '40', '60', '40', '70'];
727,Incineroar,['Fire', 'Dark'],['420', '65', '85', '50', '80', '50', '90'];
728,Popplio,['Water'],['530', '95', '115', '90', '80', '90', '60'];
729,Brionne,['Water'],['320', '50', '54', '54', '66', '56', '40'];
730,Primarina,['Water', 'Fairy'],['420', '60', '69', '69', '91', '81', '50'];
731,Pikipek,['Normal', 'Flying'],['530', '80', '74', '74', '126', '116', '60'];
732,Trumbeak,['Normal', 'Flying'],['265', '35', '75', '30', '30', '30', '65'];
733,Toucannon,['Normal', 'Flying'],['355', '55', '85', '50', '40', '50', '75'];
734,Yungoos,['Normal'],['485', '80', '120', '75', '75', '75', '60'];
735,Gumshoos,['Normal'],['253', '48', '70', '30', '30', '30', '45'];
736,Grubbin,['Bug'],['418', '88', '110', '60', '55', '60', '45'];
737,Charjabug,['Bug', 'Electric'],['300', '47', '62', '45', '55', '45', '46'];
738,Vikavolt,['Bug', 'Electric'],['400', '57', '82', '95', '55', '75', '36'];
739,Crabrawler,['Fighting'],['500', '77', '70', '90', '145', '75', '43'];
740,Crabominable,['Fighting', 'Ice'],['338', '47', '82', '57', '42', '47', '63'];
741,Oricorio,['Fire', 'Flying'],['478', '97', '132', '77', '62', '67', '43'];
741,Oricorio,['Electric', 'Flying'],['476', '75', '70', '70', '98', '70', '93'];
741,Oricorio,['Psychic', 'Flying'],['476', '75', '70', '70', '98', '70', '93'];
741,Oricorio,['Ghost', 'Flying'],['476', '75', '70', '70', '98', '70', '93'];
742,Cutiefly,['Bug', 'Fairy'],['476', '75', '70', '70', '98', '70', '93'];
743,Ribombee,['Bug', 'Fairy'],['304', '40', '45', '40', '55', '40', '84'];
744,Rockruff,['Rock'],['464', '60', '55', '60', '95', '70', '124'];
744,Rockruff,['Rock'],['280', '45', '65', '40', '30', '40', '60'];
745,Lycanroc,['Rock'],['280', '45', '65', '40', '30', '40', '60'];
745,Lycanroc,['Rock'],['487', '75', '115', '65', '55', '65', '112'];
745,Lycanroc,['Rock'],['487', '85', '115', '75', '55', '75', '82'];
746,Wishiwashi,['Water'],['487', '75', '117', '65', '55', '65', '110'];
746,Wishiwashi,['Water'],['175', '45', '20', '20', '25', '25', '40'];
747,Mareanie,['Poison', 'Water'],['620', '45', '140', '130', '140', '135', '30'];
748,Toxapex,['Poison', 'Water'],['305', '50', '53', '62', '43', '52', '45'];
749,Mudbray,['Ground'],['495', '50', '63', '152', '53', '142', '35'];
750,Mudsdale,['Ground'],['385', '70', '100', '70', '45', '55', '45'];
751,Dewpider,['Water', 'Bug'],['500', '100', '125', '100', '55', '85', '35'];
752,Araquanid,['Water', 'Bug'],['269', '38', '40', '52', '40', '72', '27'];
753,Fomantis,['Grass'],['454', '68', '70', '92', '50', '132', '42'];
754,Lurantis,['Grass'],['250', '40', '55', '35', '50', '35', '35'];
755,Morelull,['Grass', 'Fairy'],['480', '70', '105', '90', '80', '90', '45'];
756,Shiinotic,['Grass', 'Fairy'],['285', '40', '35', '55', '65', '75', '15'];
757,Salandit,['Poison', 'Fire'],['405', '60', '45', '80', '90', '100', '30'];
758,Salazzle,['Poison', 'Fire'],['320', '48', '44', '40', '71', '40', '77'];
759,Stufful,['Normal', 'Fighting'],['480', '68', '64', '60', '111', '60', '117'];
760,Bewear,['Normal', 'Fighting'],['340', '70', '75', '50', '45', '50', '50'];
761,Bounsweet,['Grass'],['500', '120', '125', '80', '55', '60', '60'];
762,Steenee,['Grass'],['210', '42', '30', '38', '30', '38', '32'];
763,Tsareena,['Grass'],['290', '52', '40', '48', '40', '48', '62'];
764,Comfey,['Fairy'],['510', '72', '120', '98', '50', '98', '72'];
765,Oranguru,['Normal', 'Psychic'],['485', '51', '52', '90', '82', '110', '100'];
766,Passimian,['Fighting'],['490', '90', '60', '80', '90', '110', '60'];
767,Wimpod,['Bug', 'Water'],['490', '100', '120', '90', '40', '60', '80'];
768,Golisopod,['Bug', 'Water'],['230', '25', '35', '40', '20', '30', '80'];
769,Sandygast,['Ghost', 'Ground'],['530', '75', '125', '140', '60', '90', '40'];
770,Palossand,['Ghost', 'Ground'],['320', '55', '55', '80', '70', '45', '15'];
771,Pyukumuku,['Water'],['480', '85', '75', '110', '100', '75', '35'];
772,Type: Null,['Normal'],['410', '55', '60', '130', '30', '130', '5'];
773,Silvally,['Normal'],['534', '95', '95', '95', '95', '95', '59'];
774,Minior,['Rock', 'Flying'],['570', '95', '95', '95', '95', '95', '95'];
774,Minior,['Rock', 'Flying'],['440', '60', '60', '100', '60', '100', '60'];
775,Komala,['Normal'],['500', '60', '100', '60', '100', '60', '120'];
776,Turtonator,['Fire', 'Dragon'],['480', '65', '115', '65', '75', '95', '65'];
777,Togedemaru,['Electric', 'Steel'],['485', '60', '78', '135', '91', '85', '36'];
778,Mimikyu,['Ghost', 'Fairy'],['435', '65', '98', '63', '40', '73', '96'];
779,Bruxish,['Water', 'Psychic'],['476', '55', '90', '80', '50', '105', '96'];
780,Drampa,['Normal', 'Dragon'],['475', '68', '105', '70', '70', '70', '92'];
781,Dhelmise,['Ghost', 'Grass'],['485', '78', '60', '85', '135', '91', '36'];
782,Jangmo-o,['Dragon'],['517', '70', '131', '100', '86', '90', '40'];
783,Hakamo-o,['Dragon', 'Fighting'],['300', '45', '55', '65', '45', '45', '45'];
784,Kommo-o,['Dragon', 'Fighting'],['420', '55', '75', '90', '65', '70', '65'];
785,Tapu Koko,['Electric', 'Fairy'],['600', '75', '110', '125', '100', '105', '85'];
786,Tapu Lele,['Psychic', 'Fairy'],['570', '70', '115', '85', '95', '75', '130'];
787,Tapu Bulu,['Grass', 'Fairy'],['570', '70', '85', '75', '130', '115', '95'];
788,Tapu Fini,['Water', 'Fairy'],['570', '70', '130', '115', '85', '95', '75'];
789,Cosmog,['Psychic'],['570', '70', '75', '115', '95', '130', '85'];
790,Cosmoem,['Psychic'],['200', '43', '29', '31', '29', '31', '37'];
791,Solgaleo,['Psychic', 'Steel'],['400', '43', '29', '131', '29', '131', '37'];
792,Lunala,['Psychic', 'Ghost'],['680', '137', '137', '107', '113', '89', '97'];
793,Nihilego,['Rock', 'Poison'],['680', '137', '113', '89', '137', '107', '97'];
794,Buzzwole,['Bug', 'Fighting'],['570', '109', '53', '47', '127', '131', '103'];
795,Pheromosa,['Bug', 'Fighting'],['570', '107', '139', '139', '53', '53', '79'];
796,Xurkitree,['Electric'],['570', '71', '137', '37', '137', '37', '151'];
797,Celesteela,['Steel', 'Flying'],['570', '83', '89', '71', '173', '71', '83'];
798,Kartana,['Grass', 'Steel'],['570', '97', '101', '103', '107', '101', '61'];
799,Guzzlord,['Dark', 'Dragon'],['570', '59', '181', '131', '59', '31', '109'];
800,Necrozma,['Psychic'],['570', '223', '101', '53', '97', '53', '43'];
800,Necrozma,['Psychic', 'Steel'],['600', '97', '107', '101', '127', '89', '79'];
800,Necrozma,['Psychic', 'Ghost'],['680', '97', '157', '127', '113', '109', '77'];
800,Necrozma,['Psychic', 'Dragon'],['680', '97', '113', '109', '157', '127', '77'];
801,Magearna,['Steel', 'Fairy'],['754', '97', '167', '97', '167', '97', '129'];
802,Marshadow,['Fighting', 'Ghost'],['600', '80', '95', '115', '130', '115', '65'];
803,Poipole,['Poison'],['600', '90', '125', '80', '90', '90', '125'];
804,Naganadel,['Poison', 'Dragon'],['420', '67', '73', '67', '73', '67', '73'];
805,Stakataka,['Rock', 'Steel'],['540', '73', '73', '73', '127', '73', '121'];
806,Blacephalon,['Fire', 'Ghost'],['570', '61', '131', '211', '53', '101', '13'];
807,Zeraora,['Electric'],['570', '53', '127', '53', '151', '79', '107'];
808,Meltan,['Steel'],['600', '88', '112', '75', '102', '80', '143'];
809,Melmetal,['Steel'],['300', '46', '65', '65', '55', '35', '34'];
810,Grookey,['Grass'],['600', '135', '143', '143', '80', '65', '34'];
811,Thwackey,['Grass'],['310', '50', '65', '50', '40', '40', '65'];
812,Rillaboom,['Grass'],['420', '70', '85', '70', '55', '60', '80'];
813,Scorbunny,['Fire'],['530', '100', '125', '90', '60', '70', '85'];
814,Raboot,['Fire'],['310', '50', '71', '40', '40', '40', '69'];
815,Cinderace,['Fire'],['420', '65', '86', '60', '55', '60', '94'];
816,Sobble,['Water'],['530', '80', '116', '75', '65', '75', '119'];
817,Drizzile,['Water'],['310', '50', '40', '40', '70', '40', '70'];
818,Inteleon,['Water'],['420', '65', '60', '55', '95', '55', '90'];
819,Skwovet,['Normal'],['530', '70', '85', '65', '125', '65', '120'];
820,Greedent,['Normal'],['275', '70', '55', '55', '35', '35', '25'];
821,Rookidee,['Flying'],['460', '120', '95', '95', '55', '75', '20'];
822,Corvisquire,['Flying'],['245', '38', '47', '35', '33', '35', '57'];
823,Corviknight,['Flying', 'Steel'],['365', '68', '67', '55', '43', '55', '77'];
824,Blipbug,['Bug'],['495', '98', '87', '105', '53', '85', '67'];
825,Dottler,['Bug', 'Psychic'],['180', '25', '20', '20', '25', '45', '45'];
826,Orbeetle,['Bug', 'Psychic'],['335', '50', '35', '80', '50', '90', '30'];
827,Nickit,['Dark'],['505', '60', '45', '110', '80', '120', '90'];
828,Thievul,['Dark'],['245', '40', '28', '28', '47', '52', '50'];
829,Gossifleur,['Grass'],['455', '70', '58', '58', '87', '92', '90'];
830,Eldegoss,['Grass'],['250', '40', '40', '60', '40', '60', '10'];
831,Wooloo,['Normal'],['460', '60', '50', '90', '80', '120', '60'];
832,Dubwool,['Normal'],['270', '42', '40', '55', '40', '45', '48'];
833,Chewtle,['Water'],['490', '72', '80', '100', '60', '90', '88'];
834,Drednaw,['Water', 'Rock'],['284', '50', '64', '50', '38', '38', '44'];
835,Yamper,['Electric'],['485', '90', '115', '90', '48', '68', '74'];
836,Boltund,['Electric'],['270', '59', '45', '50', '40', '50', '26'];
837,Rolycoly,['Rock'],['490', '69', '90', '60', '90', '60', '121'];
838,Carkol,['Rock', 'Fire'],['240', '30', '40', '50', '40', '50', '30'];
839,Coalossal,['Rock', 'Fire'],['410', '80', '60', '90', '60', '70', '50'];
840,Applin,['Grass', 'Dragon'],['510', '110', '80', '120', '80', '90', '30'];
841,Flapple,['Grass', 'Dragon'],['260', '40', '40', '80', '40', '40', '20'];
842,Appletun,['Grass', 'Dragon'],['485', '70', '110', '80', '95', '60', '70'];
843,Silicobra,['Ground'],['485', '110', '85', '80', '100', '80', '30'];
844,Sandaconda,['Ground'],['315', '52', '57', '75', '35', '50', '46'];
845,Cramorant,['Flying', 'Water'],['510', '72', '107', '125', '65', '70', '71'];
846,Arrokuda,['Water'],['475', '70', '85', '55', '85', '95', '85'];
847,Barraskewda,['Water'],['280', '41', '63', '40', '40', '30', '66'];
848,Toxel,['Electric', 'Poison'],['490', '61', '123', '60', '60', '50', '136'];
849,Toxtricity,['Electric', 'Poison'],['242', '40', '38', '35', '54', '35', '40'];
849,Toxtricity,['Electric', 'Poison'],['502', '75', '98', '70', '114', '70', '75'];
850,Sizzlipede,['Fire', 'Bug'],['502', '75', '98', '70', '114', '70', '75'];
851,Centiskorch,['Fire', 'Bug'],['305', '50', '65', '45', '50', '50', '45'];
852,Clobbopus,['Fighting'],['525', '100', '115', '65', '90', '90', '65'];
853,Grapploct,['Fighting'],['310', '50', '68', '60', '50', '50', '32'];
854,Sinistea,['Ghost'],['480', '80', '118', '90', '70', '80', '42'];
855,Polteageist,['Ghost'],['308', '40', '45', '45', '74', '54', '50'];
856,Hatenna,['Psychic'],['508', '60', '65', '65', '134', '114', '70'];
857,Hattrem,['Psychic'],['265', '42', '30', '45', '56', '53', '39'];
858,Hatterene,['Psychic', 'Fairy'],['370', '57', '40', '65', '86', '73', '49'];
859,Impidimp,['Dark', 'Fairy'],['510', '57', '90', '95', '136', '103', '29'];
860,Morgrem,['Dark', 'Fairy'],['265', '45', '45', '30', '55', '40', '50'];
861,Grimmsnarl,['Dark', 'Fairy'],['370', '65', '60', '45', '75', '55', '70'];
862,Obstagoon,['Dark', 'Normal'],['510', '95', '120', '65', '95', '75', '60'];
863,Perrserker,['Steel'],['520', '93', '90', '101', '60', '81', '95'];
864,Cursola,['Ghost'],['440', '70', '110', '100', '50', '60', '50'];
865,Sirfetch'd,['Fighting'],['510', '60', '95', '50', '145', '130', '30'];
866,Mr. Rime,['Ice', 'Psychic'],['507', '62', '135', '95', '68', '82', '65'];
867,Runerigus,['Ground', 'Ghost'],['520', '80', '85', '75', '110', '100', '70'];
868,Milcery,['Fairy'],['483', '58', '95', '145', '50', '105', '30'];
869,Alcremie,['Fairy'],['270', '45', '40', '40', '50', '61', '34'];
870,Falinks,['Fighting'],['495', '65', '60', '75', '110', '121', '64'];
871,Pincurchin,['Electric'],['470', '65', '100', '100', '70', '60', '75'];
872,Snom,['Ice', 'Bug'],['435', '48', '101', '95', '91', '85', '15'];
873,Frosmoth,['Ice', 'Bug'],['185', '30', '25', '35', '45', '30', '20'];
874,Stonjourner,['Rock'],['475', '70', '65', '60', '125', '90', '65'];
875,Eiscue,['Ice'],['470', '100', '125', '135', '20', '20', '70'];
875,Eiscue,['Ice'],['470', '75', '80', '110', '65', '90', '50'];
876,Indeedee,['Psychic', 'Normal'],['470', '75', '80', '70', '65', '50', '130'];
876,Indeedee,['Psychic', 'Normal'],['475', '60', '65', '55', '105', '95', '95'];
877,Morpeko,['Electric', 'Dark'],['475', '70', '55', '65', '95', '105', '85'];
877,Morpeko,['Electric', 'Dark'],['436', '58', '95', '58', '70', '58', '97'];
878,Cufant,['Steel'],['436', '58', '95', '58', '70', '58', '97'];
879,Copperajah,['Steel'],['330', '72', '80', '49', '40', '49', '40'];
880,Dracozolt,['Electric', 'Dragon'],['500', '122', '130', '69', '80', '69', '30'];
881,Arctozolt,['Electric', 'Ice'],['505', '90', '100', '90', '80', '70', '75'];
882,Dracovish,['Water', 'Dragon'],['505', '90', '100', '90', '90', '80', '55'];
883,Arctovish,['Water', 'Ice'],['505', '90', '90', '100', '70', '80', '75'];
884,Duraludon,['Steel', 'Dragon'],['505', '90', '90', '100', '80', '90', '55'];
885,Dreepy,['Dragon', 'Ghost'],['535', '70', '95', '115', '120', '50', '85'];
886,Drakloak,['Dragon', 'Ghost'],['270', '28', '60', '30', '40', '30', '82'];
887,Dragapult,['Dragon', 'Ghost'],['410', '68', '80', '50', '60', '50', '102'];
888,Zacian,['Fairy'],['600', '88', '120', '75', '100', '75', '142'];
888,Zacian,['Fairy', 'Steel'],['670', '92', '130', '115', '80', '115', '138'];
889,Zamazenta,['Fighting'],['720', '92', '170', '115', '80', '115', '148'];
889,Zamazenta,['Fighting', 'Steel'],['670', '92', '130', '115', '80', '115', '138'];
890,Eternatus,['Poison', 'Dragon'],['720', '92', '130', '145', '80', '145', '128'];
890,Eternatus,['Poison', 'Dragon'],['690', '140', '85', '95', '145', '95', '130'];
891,Kubfu,['Fighting'],['1125', '255', '115', '250', '125', '250', '130'];
892,Urshifu,['Fighting', 'Dark'],['385', '60', '90', '60', '53', '50', '72'];
892,Urshifu,['Fighting', 'Water'],['550', '100', '130', '100', '63', '60', '97'];
893,Zarude,['Dark', 'Grass'],['550', '100', '130', '100', '63', '60', '97'];
894,Regieleki,['Electric'],['600', '105', '120', '105', '70', '95', '105'];
895,Regidrago,['Dragon'],['580', '80', '100', '50', '100', '50', '200'];
896,Glastrier,['Ice'],['580', '200', '100', '50', '100', '50', '80'];
897,Spectrier,['Ghost'],['580', '100', '145', '130', '65', '110', '30'];
898,Calyrex,['Psychic', 'Grass'],['580', '100', '65', '60', '145', '80', '130'];
898,Calyrex,['Psychic', 'Ice'],['500', '100', '80', '80', '80', '80', '80'];
898,Calyrex,['Psychic', 'Ghost'],['680', '100', '165', '150', '85', '130', '50'];
899,Wyrdeer,['Normal', 'Psychic'],['680', '100', '85', '80', '165', '100', '150'];
900,Kleavor,['Bug', 'Rock'],['525', '103', '105', '72', '105', '75', '65'];
901,Ursaluna,['Normal', 'Ground'],['500', '70', '135', '95', '45', '70', '85'];
902,Basculegion,['Water', 'Ghost'],['550', '130', '140', '105', '45', '80', '50'];
902,Basculegion,['Water', 'Ghost'],['530', '120', '112', '65', '80', '75', '78'];
903,Sneasler,['Poison', 'Fighting'],['530', '120', '92', '65', '100', '75', '78'];
904,Overqwil,['Dark', 'Poison'],['510', '80', '130', '60', '40', '80', '120'];
905,Enamorus,['Fairy', 'Flying'],['510', '85', '115', '95', '65', '65', '85'];
905,Enamorus,['Fairy', 'Flying'],['580', '74', '115', '70', '135', '80', '106'];
